Date,Name,Year,Letterboxd URI
2020-06-08,Bird Box,2018,https://boxd.it/eh1i
2020-06-08,The Meyerowitz Stories (New and Selected),2017,https://boxd.it/dSp0
2020-06-08,Marriage Story,2019,https://boxd.it/hJAw
2020-06-08,Zodiac,2007,https://boxd.it/27MO
2020-06-09,Children of Men,2006,https://boxd.it/1Y2i
2020-06-25,Knives Out,2019,https://boxd.it/jWEA
2020-06-25,Jojo Rabbit,2019,https://boxd.it/iEBG
2020-06-25,Event Horizon,1997,https://boxd.it/20d8
2020-06-25,Little Miss Sunshine,2006,https://boxd.it/29EW
2020-06-26,Easy A,2010,https://boxd.it/17DK
2020-06-27,The Breakfast Club,1985,https://boxd.it/27q4
2020-06-29,Dead Poets Society,1989,https://boxd.it/2aSg
2020-06-29,Robots,2005,https://boxd.it/1Xve
2020-06-29,Da 5 Bloods,2020,https://boxd.it/lnXw
2020-07-17,Cloverfield,2008,https://boxd.it/2192
2020-07-17,10 Cloverfield Lane,2016,https://boxd.it/aZiu
2020-07-17,The Cloverfield Paradox,2018,https://boxd.it/doVA
2020-07-19,Mrs. Doubtfire,1993,https://boxd.it/29Cw
2020-07-19,Hamilton,2020,https://boxd.it/kmvE
2020-07-20,Hostel,2005,https://boxd.it/28ig
2020-07-21,Saw,2004,https://boxd.it/2aWW
2020-08-19,The King of Staten Island,2020,https://boxd.it/litG
2021-03-02,The Cable Guy,1996,https://boxd.it/1XAI
2021-03-16,The Road to El Dorado,2000,https://boxd.it/1W6s
2021-03-20,Rio,2011,https://boxd.it/NKc
2021-04-16,Bram Stoker's Dracula,1992,https://boxd.it/223a
2021-05-07,The Mitchells vs. the Machines,2021,https://boxd.it/i7xm
2021-05-15,Coraline,2009,https://boxd.it/1NhQ
2021-05-22,Steve Jobs,2015,https://boxd.it/araG
2021-05-28,Uncut Gems,2019,https://boxd.it/gXGc
2021-06-09,Bo Burnham: Inside,2021,https://boxd.it/v2uy
2021-06-12,Army of the Dead,2021,https://boxd.it/ic7S
2021-06-20,Isle of Dogs,2018,https://boxd.it/dZrW
2021-06-20,The Grand Budapest Hotel,2014,https://boxd.it/3ZqO
2021-06-28,Fight Club,1999,https://boxd.it/2a9q
2021-06-30,Luca,2021,https://boxd.it/ipjC
2021-07-04,Fear Street: 1994,2021,https://boxd.it/lLBk
2021-07-05,Kung Fu Panda,2008,https://boxd.it/1Yws
2021-07-06,Scott Pilgrim vs. the World,2010,https://boxd.it/1Aq6
2021-07-08,Ex Machina,2015,https://boxd.it/7T2k
2021-07-09,Kung Fu Panda 2,2011,https://boxd.it/G36
2021-07-10,A Quiet Place Part II,2020,https://boxd.it/iTx0
2021-07-12,Whiplash,2014,https://boxd.it/7bQA
2021-07-13,Kung Fu Panda 3,2016,https://boxd.it/4uRQ
2021-07-14,Signs,2002,https://boxd.it/26t2
2021-07-15,Starship Troopers,1997,https://boxd.it/2a7k
2021-07-15,The Village,2004,https://boxd.it/21iS
2021-07-16,One Hour Photo,2002,https://boxd.it/1YT2
2021-07-18,The Life Aquatic with Steve Zissou,2004,https://boxd.it/2aqw
2021-07-20,Jaws,1975,https://boxd.it/2a5e
2021-07-21,The Lobster,2015,https://boxd.it/7tnw
2021-07-21,The Jungle Book,2016,https://boxd.it/8wjk
2021-07-22,Monster Hunter,2020,https://boxd.it/gnB6
2021-07-25,Tarzan,1999,https://boxd.it/18YO
2021-08-05,Neon Genesis Evangelion,1995,https://boxd.it/ptEI
2021-08-05,Neon Genesis Evangelion: The End of Evangelion,1997,https://boxd.it/1GRM
2021-08-05,Bolt,2008,https://boxd.it/1QXg
2021-08-13,Zootopia,2016,https://boxd.it/84xS
2021-08-16,The Big Short,2015,https://boxd.it/ajZw
2021-08-20,The Fast and the Furious,2001,https://boxd.it/1XMu
2021-09-24,Fantastic Mr. Fox,2009,https://boxd.it/1WyQ
2021-09-24,The Lord of the Rings: The Fellowship of the Ring,2001,https://boxd.it/2b5O
2021-09-24,The Lord of the Rings: The Two Towers,2002,https://boxd.it/2b5E
2021-09-24,The Lord of the Rings: The Return of the King,2003,https://boxd.it/2b5u
2021-09-24,The Darjeeling Limited,2007,https://boxd.it/24as
2021-09-26,The Royal Tenenbaums,2001,https://boxd.it/1YHU
2021-09-28,Hereditary,2018,https://boxd.it/hNVe
2021-09-29,Lost in Translation,2003,https://boxd.it/2b0E
2021-09-30,Free Guy,2021,https://boxd.it/k8dm
2021-10-02,Dune,2021,https://boxd.it/fA7G
2021-10-06,Moonrise Kingdom,2012,https://boxd.it/2Wng
2021-10-07,Rushmore,1998,https://boxd.it/1TAO
2021-10-07,Bottle Rocket,1996,https://boxd.it/1PDa
2021-10-17,Venom,2018,https://boxd.it/b8wA
2021-10-23,Venom: Let There Be Carnage,2021,https://boxd.it/llco
2021-10-24,Megamind,2010,https://boxd.it/16Sk
2021-10-27,Hinterland,2021,https://boxd.it/vOiq
2021-11-03,War of the Worlds,2005,https://boxd.it/2bde
2021-11-05,Love and Monsters,2020,https://boxd.it/lJ6E
2021-11-06,The French Dispatch,2021,https://boxd.it/jLP8
2021-11-07,2001: A Space Odyssey,1968,https://boxd.it/2bf0
2021-11-07,First Man,2018,https://boxd.it/cPym
2021-11-07,Arrival,2016,https://boxd.it/aNGk
2021-11-07,Annihilation,2018,https://boxd.it/9yzm
2021-11-20,We're the Millers,2013,https://boxd.it/4srQ
2021-11-21,The Lego Batman Movie,2017,https://boxd.it/azp0
2021-11-23,American Psycho,2000,https://boxd.it/28Vs
2021-11-23,The Fundamentals of Caring,2016,https://boxd.it/aiai
2021-11-24,The Matrix,1999,https://boxd.it/2a1m
2021-11-25,Get Out,2017,https://boxd.it/eOCm
2021-11-25,The Cabin in the Woods,2011,https://boxd.it/1zOc
2021-11-25,Godzilla: King of the Monsters,2019,https://boxd.it/cY7Y
2021-11-25,"tick, tick... BOOM!",2021,https://boxd.it/jz2e
2021-11-27,The Tomorrow War,2021,https://boxd.it/lE78
2021-11-28,Dawn of the Planet of the Apes,2014,https://boxd.it/3XyQ
2021-11-28,War for the Planet of the Apes,2017,https://boxd.it/8FE2
2021-11-28,Planet of the Apes,1968,https://boxd.it/29p8
2021-11-28,Rise of the Planet of the Apes,2011,https://boxd.it/cS4
2021-11-30,Aliens,1986,https://boxd.it/29PA
2021-11-30,Alien,1979,https://boxd.it/2awY
2021-11-30,Blade Runner 2049,2017,https://boxd.it/b8wK
2021-11-30,Blade Runner,1982,https://boxd.it/2bcA
2021-11-30,Predator,1987,https://boxd.it/2b84
2021-11-30,Alien³,1992,https://boxd.it/20zS
2021-11-30,Predators,2010,https://boxd.it/1d9m
2021-11-30,The Predator,2018,https://boxd.it/bDw2
2021-11-30,Aliens vs Predator: Requiem,2007,https://boxd.it/2ans
2021-11-30,Alien: Covenant,2017,https://boxd.it/49UY
2021-11-30,AVP: Alien vs. Predator,2004,https://boxd.it/2atU
2021-11-30,Prometheus,2012,https://boxd.it/2s9e
2021-11-30,Predator 2,1990,https://boxd.it/2aY4
2021-11-30,Alien Resurrection,1997,https://boxd.it/20zI
2021-12-04,Captain America: The First Avenger,2011,https://boxd.it/28b0
2021-12-05,Surf's Up,2007,https://boxd.it/1YKY
2021-12-06,Krampus,2015,https://boxd.it/8Wy6
2021-12-06,The Shape of Water,2017,https://boxd.it/dZ5m
2021-12-06,Pan's Labyrinth,2006,https://boxd.it/28No
2021-12-06,Pacific Rim,2013,https://boxd.it/2cB2
2021-12-06,Crimson Peak,2015,https://boxd.it/62Ty
2021-12-06,Hellboy,2004,https://boxd.it/28HK
2021-12-06,Hellboy II: The Golden Army,2008,https://boxd.it/1Ug6
2021-12-06,The Devil's Backbone,2001,https://boxd.it/28Li
2021-12-06,Pacific Rim: Uprising,2018,https://boxd.it/83Qa
2021-12-07,Adam Sandler: 100% Fresh,2018,https://boxd.it/iLhI
2021-12-07,Frankenweenie,2012,https://boxd.it/bPS
2021-12-08,The Social Network,2010,https://boxd.it/17ue
2021-12-21,Making The Witcher,2020,https://boxd.it/rDSY
2021-12-21,The Witcher: Nightmare of the Wolf,2021,https://boxd.it/oNDI
2021-12-24,The Witcher Season One Recap: From the Beginning,2021,https://boxd.it/yxUS
2021-12-24,Making The Witcher: Season 2,2021,https://boxd.it/yxKe
2021-12-25,Coco,2017,https://boxd.it/bYJQ
2021-12-27,Spider-Man,2002,https://boxd.it/2a8i
2021-12-28,Spider-Man 2,2004,https://boxd.it/2a88
2021-12-29,Spider-Man 3,2007,https://boxd.it/2a7Y
2021-12-30,The Lighthouse,2019,https://boxd.it/icFU
2021-12-30,Finding Nemo,2003,https://boxd.it/72i
2021-12-30,Finding Dory,2016,https://boxd.it/4aAA
2021-12-30,John Wick,2014,https://boxd.it/7dEc
2021-12-30,John Wick: Chapter 2,2017,https://boxd.it/ayGu
2021-12-30,John Wick: Chapter 3 – Parabellum,2019,https://boxd.it/gmFw
2021-12-31,Encanto,2021,https://boxd.it/kPRu
2021-12-31,Shin Godzilla,2016,https://boxd.it/a9lm
2022-01-01,Titanic,1997,https://boxd.it/2a2k
2022-01-02,How to Train Your Dragon,2010,https://boxd.it/1WRy
2022-01-02,How to Train Your Dragon 2,2014,https://boxd.it/2TRW
2022-01-02,Good Omens,2019,https://boxd.it/jUOI
2022-01-02,The Pirates! In an Adventure with Scientists!,2012,https://boxd.it/2p1w
2022-01-02,Django Unchained,2012,https://boxd.it/2cCk
2022-01-02,Inception,2010,https://boxd.it/1skk
2022-01-02,The Revenant,2015,https://boxd.it/8H5e
2022-01-02,Insidious: Chapter 2,2013,https://boxd.it/3dqc
2022-01-02,Insidious,2010,https://boxd.it/H4k
2022-01-03,The Amazing Spider-Man,2012,https://boxd.it/27PI
2022-01-04,Harry Potter and the Philosopher's Stone,2001,https://boxd.it/29QS
2022-01-04,Harry Potter and the Chamber of Secrets,2002,https://boxd.it/29QI
2022-01-04,Harry Potter and the Goblet of Fire,2005,https://boxd.it/29Qo
2022-01-04,Harry Potter and the Deathly Hallows: Part 2,2011,https://boxd.it/1RYk
2022-01-04,Harry Potter and the Order of the Phoenix,2007,https://boxd.it/29Qe
2022-01-04,Harry Potter and the Deathly Hallows: Part 1,2010,https://boxd.it/1RYu
2022-01-04,Harry Potter and the Half-Blood Prince,2009,https://boxd.it/29FU
2022-01-04,Harry Potter and the Prisoner of Azkaban,2004,https://boxd.it/29Qy
2022-01-04,Birdman or (The Unexpected Virtue of Ignorance),2014,https://boxd.it/5RFA
2022-01-05,The Fly,1986,https://boxd.it/1YIe
2022-01-05,The Thing,1982,https://boxd.it/294O
2022-01-05,In the Mouth of Madness,1994,https://boxd.it/26vi
2022-01-05,Prince of Darkness,1987,https://boxd.it/1ZKq
2022-01-05,Re-Animator,1985,https://boxd.it/28hM
2022-01-05,Bride of Re-Animator,1990,https://boxd.it/1HyQ
2022-01-05,It,2017,https://boxd.it/bC8e
2022-01-05,It Chapter Two,2019,https://boxd.it/h10u
2022-01-14,Antlers,2021,https://boxd.it/iI50
2022-01-20,The House,2022,https://boxd.it/yVza
2022-01-24,The Terminator,1984,https://boxd.it/2aQY
2022-01-24,Terminator 2: Judgment Day,1991,https://boxd.it/2aGY
2022-01-25,The Conference,2022,https://boxd.it/ydjs
2022-01-28,Another Round,2020,https://boxd.it/lkba
2022-02-02,The Witch,2015,https://boxd.it/9X0m
2022-02-02,Veronica,2017,https://boxd.it/fHXa
2022-02-02,The Silence of the Lambs,1991,https://boxd.it/2aHW
2022-02-02,Midsommar,2019,https://boxd.it/jhxe
2022-02-02,Scary Stories to Tell in the Dark,2019,https://boxd.it/eJTW
2022-02-02,The Exorcist,1973,https://boxd.it/1Yoo
2022-02-02,The Blair Witch Project,1999,https://boxd.it/26ua
2022-02-02,The Ritual,2017,https://boxd.it/fo0I
2022-02-02,The Meg,2018,https://boxd.it/bAL4
2022-02-02,It Comes at Night,2017,https://boxd.it/eLuk
2022-02-02,28 Days Later,2002,https://boxd.it/2aXU
2022-02-02,The Hunt,2012,https://boxd.it/3wEC
2022-02-10,Memento,2000,https://boxd.it/2bcK
2022-02-10,Batman Begins,2005,https://boxd.it/2aIg
2022-02-10,The Dark Knight,2008,https://boxd.it/2b0k
2022-02-10,The Dark Knight Rises,2012,https://boxd.it/H3m
2022-02-10,Interstellar,2014,https://boxd.it/4VZ8
2022-02-10,Dunkirk,2017,https://boxd.it/d0Y6
2022-02-15,Up,2009,https://boxd.it/1OEc
2022-02-15,Brokeback Mountain,2005,https://boxd.it/2b2q
2022-02-15,Parasite,2019,https://boxd.it/hTha
2022-02-15,Prisoners,2013,https://boxd.it/4E5i
2022-02-15,Man of Steel,2013,https://boxd.it/FRk
2022-02-16,Batman v Superman: Dawn of Justice,2016,https://boxd.it/6fBW
2022-02-17,Suicide Squad,2016,https://boxd.it/9row
2022-02-17,Star Wars,1977,https://boxd.it/72s
2022-02-17,The Empire Strikes Back,1980,https://boxd.it/27Vw
2022-02-17,Star Wars: The Last Jedi,2017,https://boxd.it/5xme
2022-02-17,Return of the Jedi,1983,https://boxd.it/27Vm
2022-02-17,Star Wars: The Force Awakens,2015,https://boxd.it/4vru
2022-02-17,Rogue One: A Star Wars Story,2016,https://boxd.it/aPvy
2022-02-17,Star Wars: Episode I – The Phantom Menace,1999,https://boxd.it/27Vc
2022-02-17,Star Wars: Episode II – Attack of the Clones,2002,https://boxd.it/27V2
2022-02-17,Star Wars: The Rise of Skywalker,2019,https://boxd.it/5xlK
2022-02-17,Star Wars: Episode III – Revenge of the Sith,2005,https://boxd.it/27US
2022-02-19,Wonder Woman,2017,https://boxd.it/9roG
2022-02-20,The SpongeBob SquarePants Movie,2004,https://boxd.it/1SYq
2022-02-24,Justice League,2017,https://boxd.it/4w68
2022-02-24,Chernobyl,2019,https://boxd.it/mkbG
2022-02-25,Hannah Gadsby: Douglas,2020,https://boxd.it/nHni
2022-02-25,Hannah Gadsby: Nanette,2018,https://boxd.it/jfyE
2022-03-10,Velvet Buzzsaw,2019,https://boxd.it/gAy0
2022-03-10,The Void,2016,https://boxd.it/d93S
2022-03-10,Aquaman,2018,https://boxd.it/9ru0
2022-03-12,The Batman,2022,https://boxd.it/eDGs
2022-03-13,Videodrome,1983,https://boxd.it/29uC
2022-03-15,Shazam!,2019,https://boxd.it/8WBu
2022-03-16,Birds of Prey (and the Fantabulous Emancipation of One Harley Quinn),2020,https://boxd.it/hSyO
2022-03-19,Fright Night,2011,https://boxd.it/l1S
2022-03-19,Mary and Max,2009,https://boxd.it/1y2m
2022-03-20,Spirited Away,2001,https://boxd.it/2b4m
2022-03-26,What We Do in the Shadows,2014,https://boxd.it/7eQy
2022-03-26,Wonder Woman 1984,2020,https://boxd.it/gBtA
2022-03-27,Bo Burnham: What.,2013,https://boxd.it/7au4
2022-03-27,Bo Burnham: Make Happy,2016,https://boxd.it/e436
2022-03-28,Kingsman: The Golden Circle,2017,https://boxd.it/buJm
2022-03-28,Kingsman: The Secret Service,2014,https://boxd.it/6dxe
2022-04-02,Horns,2013,https://boxd.it/4J8Q
2022-04-06,Life of Pi,2012,https://boxd.it/37pC
2022-04-13,Hunt for the Wilderpeople,2016,https://boxd.it/cTgG
2022-04-14,The Green Mile,1999,https://boxd.it/2agG
2022-04-16,Color Out of Space,2019,https://boxd.it/k1HY
2022-04-29,Zack Snyder's Justice League,2021,https://boxd.it/tLOk
2022-04-30,The Suicide Squad,2021,https://boxd.it/fw6O
2022-05-04,In My Skin,2002,https://boxd.it/283A
2022-05-04,Tusk,2014,https://boxd.it/7eoa
2022-05-05,Five Feet Apart,2019,https://boxd.it/jaAK
2022-05-07,Dr. Strangelove or: How I Learned to Stop Worrying and Love the Bomb,1964,https://boxd.it/29eY
2022-05-07,A Cure for Wellness,2016,https://boxd.it/bkQW
2022-05-07,Pirates of the Caribbean: The Curse of the Black Pearl,2003,https://boxd.it/70G
2022-05-07,Pirates of the Caribbean: Dead Man's Chest,2006,https://boxd.it/2bfk
2022-05-07,Pirates of the Caribbean: At World's End,2007,https://boxd.it/2aGu
2022-05-07,Rango,2011,https://boxd.it/QPk
2022-05-09,Groundhog Day,1993,https://boxd.it/2b3e
2022-05-09,Shrek,2001,https://boxd.it/29zi
2022-05-09,Shrek 2,2004,https://boxd.it/29z8
2022-05-09,Shrek the Third,2007,https://boxd.it/29yY
2022-05-09,Tangled,2010,https://boxd.it/15gO
2022-05-09,The Emperor's New Groove,2000,https://boxd.it/1Tey
2022-05-09,Ice Age,2002,https://boxd.it/2apS
2022-05-09,Ice Age: The Meltdown,2006,https://boxd.it/2wRk
2022-05-09,Ice Age: Dawn of the Dinosaurs,2009,https://boxd.it/20iC
2022-05-09,Ice Age: Continental Drift,2012,https://boxd.it/lQ2
2022-05-09,Over the Hedge,2006,https://boxd.it/20QY
2022-05-09,"Monsters, Inc.",2001,https://boxd.it/2a46
2022-05-09,The Croods,2013,https://boxd.it/FRE
2022-05-09,The Secret Life of Pets,2016,https://boxd.it/aJ5E
2022-05-09,Madagascar,2005,https://boxd.it/29dc
2022-05-09,Madagascar: Escape 2 Africa,2008,https://boxd.it/1W2K
2022-05-09,Madagascar 3: Europe's Most Wanted,2012,https://boxd.it/2NF6
2022-05-09,Bee Movie,2007,https://boxd.it/22Vw
2022-05-09,Horton Hears a Who!,2008,https://boxd.it/1SfA
2022-05-09,Shark Tale,2004,https://boxd.it/1VYe
2022-05-09,Penguins of Madagascar,2014,https://boxd.it/89tc
2022-05-09,Sonic the Hedgehog,2020,https://boxd.it/gdK8
2022-05-09,Minions,2015,https://boxd.it/6jCO
2022-05-09,Despicable Me,2010,https://boxd.it/1DD8
2022-05-09,Men in Black 3,2012,https://boxd.it/103U
2022-05-09,Men in Black,1997,https://boxd.it/2a0I
2022-05-09,Men in Black II,2002,https://boxd.it/2a0y
2022-05-10,Cats,2019,https://boxd.it/jydK
2022-05-11,Sherlock: A Study in Pink,2010,https://boxd.it/mueU
2022-05-11,Sherlock: The Blind Banker,2010,https://boxd.it/mwHY
2022-05-11,Sherlock: The Great Game,2010,https://boxd.it/mwRa
2022-05-12,Sherlock: A Scandal in Belgravia,2012,https://boxd.it/mwHE
2022-05-12,Sherlock: The Hounds of Baskerville,2012,https://boxd.it/mwHu
2022-05-12,The Hobbit: An Unexpected Journey,2012,https://boxd.it/GZk
2022-05-12,The Hobbit: The Desolation of Smaug,2013,https://boxd.it/nmS
2022-05-12,The Hobbit: The Battle of the Five Armies,2014,https://boxd.it/43aU
2022-05-12,Doctor Strange,2016,https://boxd.it/8MH8
2022-05-12,Avengers: Infinity War,2018,https://boxd.it/9vEe
2022-05-12,Avengers: Endgame,2019,https://boxd.it/9vE4
2022-05-12,Thor: Ragnarok,2017,https://boxd.it/8MHi
2022-05-12,Walking with Dinosaurs,2013,https://boxd.it/2Hzm
2022-05-12,Dinosaur,2000,https://boxd.it/1VWi
2022-05-13,Sherlock: The Reichenbach Fall,2012,https://boxd.it/mwV2
2022-05-14,The Big Lebowski,1998,https://boxd.it/2b6C
2022-05-15,Sherlock: The Empty Hearse,2014,https://boxd.it/mwIM
2022-05-16,Sherlock: The Sign of Three,2014,https://boxd.it/mwSs
2022-05-16,Sherlock: His Last Vow,2014,https://boxd.it/wls4
2022-05-17,Dracula,2020,https://boxd.it/ozuM
2022-05-17,Sherlock: The Abominable Bride,2016,https://boxd.it/dbTQ
2022-05-18,Sherlock: The Six Thatchers,2017,https://boxd.it/uDZw
2022-05-19,Sherlock: The Lying Detective,2017,https://boxd.it/uBH6
2022-05-20,Sherlock: The Final Problem,2017,https://boxd.it/fl5A
2022-05-20,Downfalls High,2021,https://boxd.it/sb2s
2022-05-24,Prehistoric Planet,2022,https://boxd.it/B2KS
2022-05-25,Alien Worlds,2020,https://boxd.it/tWuq
2022-05-25,Life,2017,https://boxd.it/dRqG
2022-05-25,Slither,2006,https://boxd.it/1Zks
2022-05-25,Jurassic Park,1993,https://boxd.it/2aA2
2022-05-25,Jurassic World,2015,https://boxd.it/4n0g
2022-05-25,The Lost World: Jurassic Park,1997,https://boxd.it/2azS
2022-05-25,Jurassic Park III,2001,https://boxd.it/2azI
2022-05-25,Jurassic World: Fallen Kingdom,2018,https://boxd.it/bOnU
2022-05-25,King Kong,2005,https://boxd.it/2aLa
2022-05-25,Journey to the Center of the Earth,2008,https://boxd.it/38EI
2022-05-25,Kong: Skull Island,2017,https://boxd.it/9ewM
2022-05-25,Godzilla,2014,https://boxd.it/47OE
2022-05-28,Good Will Hunting,1997,https://boxd.it/2ahY
2022-05-28,Night at the Museum,2006,https://boxd.it/28wi
2022-05-28,Night at the Museum: Battle of the Smithsonian,2009,https://boxd.it/1H7U
2022-05-28,Patch Adams,1998,https://boxd.it/1Wzk
2022-05-28,Joker,2019,https://boxd.it/h4cS
2022-05-31,Fat Albert,2004,https://boxd.it/1MVA
2022-05-31,Hubie Halloween,2020,https://boxd.it/mQwm
2022-05-31,Popstar: Never Stop Never Stopping,2016,https://boxd.it/blDa
2022-05-31,Cloudy with a Chance of Meatballs,2009,https://boxd.it/1A40
2022-05-31,Hotel Transylvania,2012,https://boxd.it/2DF6
2022-05-31,Grown Ups 2,2013,https://boxd.it/3GAq
2022-05-31,Grown Ups,2010,https://boxd.it/169a
2022-05-31,Jack and Jill,2011,https://boxd.it/2pQu
2022-05-31,That's My Boy,2012,https://boxd.it/35IW
2022-05-31,The Watch,2012,https://boxd.it/2MZk
2022-05-31,Pixels,2015,https://boxd.it/7BaA
2022-05-31,You Don't Mess with the Zohan,2008,https://boxd.it/1VHs
2022-05-31,Bedtime Stories,2008,https://boxd.it/1WPM
2022-06-02,Bo Burnham: The Inside Outtakes,2022,https://boxd.it/C0h2
2022-06-05,Seven Psychopaths,2012,https://boxd.it/34PW
2022-06-05,Cube,1997,https://boxd.it/2aoU
2022-06-07,It Follows,2014,https://boxd.it/87wo
2022-06-10,Godzilla,1954,https://boxd.it/28kc
2022-06-10,Godzilla: The Planet Eater,2018,https://boxd.it/jwJ0
2022-06-10,Godzilla: City on the Edge of Battle,2018,https://boxd.it/hLgo
2022-06-10,Godzilla: Planet of the Monsters,2017,https://boxd.it/g1kC
2022-06-10,Godzilla vs. Kong,2021,https://boxd.it/e0qK
2022-06-11,Pirates of the Caribbean: On Stranger Tides,2011,https://boxd.it/27Z4
2022-06-15,Life of Brian,1979,https://boxd.it/2a4q
2022-06-15,Borat: Cultural Learnings of America for Make Benefit Glorious Nation of Kazakhstan,2006,https://boxd.it/2agQ
2022-06-15,Borat Subsequent Moviefilm,2020,https://boxd.it/rNS0
2022-06-15,The Dictator,2012,https://boxd.it/2DEW
2022-06-15,The Interview,2014,https://boxd.it/6KQ4
2022-06-15,Sausage Party,2016,https://boxd.it/6CCe
2022-06-15,A Million Ways to Die in the West,2014,https://boxd.it/5H9k
2022-06-15,Anchorman 2: The Legend Continues,2013,https://boxd.it/3GNk
2022-06-15,Anchorman: The Legend of Ron Burgundy,2004,https://boxd.it/1ZVo
2022-06-18,Christiane F.,1981,https://boxd.it/1YiA
2022-06-18,Trainspotting,1996,https://boxd.it/29XY
2022-06-21,Hellraiser,1987,https://boxd.it/1Zpi
2022-06-22,The Autopsy of Jane Doe,2016,https://boxd.it/dUu2
2022-06-24,Aladdin,1992,https://boxd.it/29yE
2022-06-24,The Lion King,1994,https://boxd.it/201Q
2022-06-24,The Lion King II: Simba's Pride,1998,https://boxd.it/1XWu
2022-06-25,The Mist,2007,https://boxd.it/22r2
2022-06-26,The Dark Crystal,1982,https://boxd.it/1Tm8
2022-06-26,Christopher Robin,2018,https://boxd.it/eSj4
2022-06-27,Terminator 3: Rise of the Machines,2003,https://boxd.it/2aES
2022-06-27,Paddington,2014,https://boxd.it/3RKw
2022-06-28,Paddington 2,2017,https://boxd.it/bCF8
2022-06-28,Johnny English,2003,https://boxd.it/1YyI
2022-06-28,Johnny English Reborn,2011,https://boxd.it/kQq
2022-06-28,Love Actually,2003,https://boxd.it/2aeU
2022-06-29,"10,000 BC",2008,https://boxd.it/20NK
2022-06-29,Independence Day,1996,https://boxd.it/2a1w
2022-06-29,2012,2009,https://boxd.it/1OE2
2022-06-29,The Day After Tomorrow,2004,https://boxd.it/2aog
2022-06-29,Hustle,2022,https://boxd.it/qpig
2022-06-30,Fantastic Beasts and Where to Find Them,2016,https://boxd.it/7FPC
2022-06-30,Schindler's List,1993,https://boxd.it/2aq2
2022-06-30,Skyfall,2012,https://boxd.it/17Fc
2022-06-30,Casino Royale,2006,https://boxd.it/1alk
2022-06-30,Spectre,2015,https://boxd.it/6bXY
2022-06-30,Quantum of Solace,2008,https://boxd.it/1Vs8
2022-06-30,In Bruges,2008,https://boxd.it/20n8
2022-06-30,The Skin I Live In,2011,https://boxd.it/99A
2022-07-01,Iron Man 2,2010,https://boxd.it/1WZM
2022-07-01,Iron Man,2008,https://boxd.it/28dA
2022-07-01,The Incredible Hulk,2008,https://boxd.it/28dU
2022-07-01,Thor,2011,https://boxd.it/1WQU
2022-07-01,The Avengers,2012,https://boxd.it/1xFW
2022-07-01,Iron Man 3,2013,https://boxd.it/2cBQ
2022-07-01,Thor: The Dark World,2013,https://boxd.it/2DqA
2022-07-01,Captain America: The Winter Soldier,2014,https://boxd.it/3r58
2022-07-01,Guardians of the Galaxy,2014,https://boxd.it/3VH2
2022-07-01,Avengers: Age of Ultron,2015,https://boxd.it/3qi6
2022-07-01,Ant-Man,2015,https://boxd.it/3vmW
2022-07-01,Captain America: Civil War,2016,https://boxd.it/89Ja
2022-07-01,Black Panther,2018,https://boxd.it/8MHs
2022-07-01,Guardians of the Galaxy Vol. 2,2017,https://boxd.it/8MxC
2022-07-01,Spider-Man: Homecoming,2017,https://boxd.it/aboM
2022-07-01,Ant-Man and the Wasp,2018,https://boxd.it/cqUW
2022-07-01,Captain Marvel,2019,https://boxd.it/9vSA
2022-07-01,Deadpool,2016,https://boxd.it/9fOC
2022-07-01,Deadpool 2,2018,https://boxd.it/dlLM
2022-07-01,Spider-Man: Into the Spider-Verse,2018,https://boxd.it/azpY
2022-07-01,Marvel One-Shot: A Funny Thing Happened on the Way to Thor's Hammer,2011,https://boxd.it/2DQo
2022-07-01,Marvel One-Shot: Item 47,2012,https://boxd.it/3XMy
2022-07-02,Ratatouille,2007,https://boxd.it/27ww
2022-07-02,A Bug's Life,1998,https://boxd.it/1Yyy
2022-07-02,Teenage Mutant Ninja Turtles,2014,https://boxd.it/3oAs
2022-07-02,Cars,2006,https://boxd.it/29ho
2022-07-02,Cars 2,2011,https://boxd.it/H4Y
2022-07-03,The Water Horse,2007,https://boxd.it/uzY
2022-07-03,Crimes of the Future,2022,https://boxd.it/uTuY
2022-07-03,Monsters University,2013,https://boxd.it/bQm
2022-07-03,Chicken Little,2005,https://boxd.it/1Xnu
2022-07-03,Avatar,2009,https://boxd.it/1Efm
2022-07-03,Incredibles 2,2018,https://boxd.it/7IPg
2022-07-03,Frozen,2013,https://boxd.it/3GNa
2022-07-03,Transformers,2007,https://boxd.it/280c
2022-07-03,Transformers: Revenge of the Fallen,2009,https://boxd.it/20gG
2022-07-03,Bohemian Rhapsody,2018,https://boxd.it/f1TK
2022-07-03,Inside Out,2015,https://boxd.it/4KHC
2022-07-03,E.T. the Extra-Terrestrial,1982,https://boxd.it/2a1G
2022-07-03,Toy Story,1995,https://boxd.it/29qA
2022-07-03,The Incredibles,2004,https://boxd.it/1XLm
2022-07-03,Nosferatu,1922,https://boxd.it/29TM
2022-07-03,A Quiet Place,2018,https://boxd.it/fVJQ
2022-07-03,The Host,2006,https://boxd.it/28ZY
2022-07-03,Forrest Gump,1994,https://boxd.it/728
2022-07-03,The Hateful Eight,2015,https://boxd.it/8gw8
2022-07-03,The Death of David Cronenberg,2021,https://boxd.it/x1EG
2022-07-04,"Love, Death & Robots: When the Yogurt Took Over",2019,https://boxd.it/lFSY
2022-07-04,"Love, Death & Robots: Ice Age",2019,https://boxd.it/lJG8
2022-07-04,"Love, Death & Robots: Three Robots",2019,https://boxd.it/lECK
2022-07-04,"Love, Death & Robots: Fish Night",2019,https://boxd.it/lJGs
2022-07-04,"Love, Death & Robots: Sonnie's Edge",2019,https://boxd.it/lECg
2022-07-04,"Love, Death & Robots: Good Hunting",2019,https://boxd.it/lJFO
2022-07-04,"Love, Death & Robots: Beyond the Aquila Rift",2019,https://boxd.it/lGTe
2022-07-04,"Love, Death & Robots: Sucker of Souls",2019,https://boxd.it/lFOW
2022-07-04,"Love, Death & Robots: Suits",2019,https://boxd.it/lFOM
2022-07-04,"Love, Death & Robots: The Witness",2019,https://boxd.it/lFO8
2022-07-04,"Love, Death & Robots: The Dump",2019,https://boxd.it/lJGi
2022-07-04,"Love, Death & Robots: Shape-Shifters",2019,https://boxd.it/lJFY
2022-07-04,"Love, Death & Robots: Helping Hand",2019,https://boxd.it/lJGW
2022-07-04,"Love, Death & Robots: Lucky 13",2019,https://boxd.it/lJGC
2022-07-04,"Love, Death & Robots: Zima Blue",2019,https://boxd.it/lJGM
2022-07-04,"Love, Death & Robots: The Secret War",2019,https://boxd.it/lN0g
2022-07-04,"Love, Death & Robots: Alternate Histories",2019,https://boxd.it/lJHg
2022-07-04,"Love, Death & Robots: Blindspot",2019,https://boxd.it/lJH6
2022-07-04,Okja,2017,https://boxd.it/dvXe
2022-07-04,Downfall,2004,https://boxd.it/2a04
2022-07-04,The Wave,2008,https://boxd.it/20OS
2022-07-04,Cowboys & Aliens,2011,https://boxd.it/F2G
2022-07-05,Animals United,2010,https://boxd.it/2jLI
2022-07-05,7 Dwarves - Men Alone in the Woods,2004,https://boxd.it/1XLQ
2022-07-05,7 Dwarves: The Forest Is Not Enough,2006,https://boxd.it/1Xf6
2022-07-05,Otto's Eleven,2010,https://boxd.it/EFW
2022-07-06,Manitou's Shoe,2001,https://boxd.it/20hE
2022-07-06,(T)Raumschiff Surprise - Periode 1,2004,https://boxd.it/1XLw
2022-07-06,Bullyparade: The Movie,2017,https://boxd.it/dLsc
2022-07-06,Lissi and the Wild Emperor,2007,https://boxd.it/24oY
2022-07-06,Wickie the Mighty Viking,2009,https://boxd.it/1AHG
2022-07-06,Buddy,2013,https://boxd.it/7f8W
2022-07-06,Laura's Star,2004,https://boxd.it/1RoG
2022-07-06,Zoolander,2001,https://boxd.it/1YMA
2022-07-06,Pride,2014,https://boxd.it/6TwM
2022-07-06,Back to the Future,1985,https://boxd.it/2b8e
2022-07-06,Back to the Future Part III,1990,https://boxd.it/2aTS
2022-07-06,Back to the Future Part II,1989,https://boxd.it/2aYI
2022-07-06,The Lego Movie,2014,https://boxd.it/4pDO
2022-07-06,Beetlejuice,1988,https://boxd.it/24QI
2022-07-06,The Emoji Movie,2017,https://boxd.it/d9x4
2022-07-06,Batman & Robin,1997,https://boxd.it/2ar0
2022-07-06,Batman,1989,https://boxd.it/2aIU
2022-07-06,Batman Returns,1992,https://boxd.it/2awa
2022-07-06,Batman Forever,1995,https://boxd.it/2ara
2022-07-06,Modern Times,1936,https://boxd.it/25MC
2022-07-06,Moana,2016,https://boxd.it/8tfY
2022-07-06,Raiders of the Lost Ark,1981,https://boxd.it/2bbs
2022-07-06,Indiana Jones and the Temple of Doom,1984,https://boxd.it/2bb8
2022-07-07,About Time,2013,https://boxd.it/43bI
2022-07-07,Pokémon Detective Pikachu,2019,https://boxd.it/fVA0
2022-07-07,Rudolph the Red-Nosed Reindeer: The Movie,1998,https://boxd.it/1eXs
2022-07-07,Monty Python and the Holy Grail,1975,https://boxd.it/29GI
2022-07-07,Rudolph the Red-Nosed Reindeer & the Island of Misfit Toys,2001,https://boxd.it/U80
2022-07-08,Wach,2018,https://boxd.it/k2Ku
2022-07-08,The Naked Gun: From the Files of Police Squad!,1988,https://boxd.it/18YE
2022-07-08,The Naked Gun 2½: The Smell of Fear,1991,https://boxd.it/18Yu
2022-07-08,Naked Gun 33⅓: The Final Insult,1994,https://boxd.it/1afQ
2022-07-08,Inglourious Basterds,2009,https://boxd.it/1JzG
2022-07-08,Les Misérables,2012,https://boxd.it/2TT4
2022-07-09,Zygote,2017,https://boxd.it/gBO4
2022-07-09,District 9,2009,https://boxd.it/1Iik
2022-07-09,Evolution,2001,https://boxd.it/1YMK
2022-07-09,Moon Knight,2022,https://boxd.it/zeDq
2022-07-11,Armageddon,1998,https://boxd.it/2b9Q
2022-07-11,Triumph of the Will,1935,https://boxd.it/145A
2022-07-11,Pretty Woman,1990,https://boxd.it/2b6M
2022-07-12,Sweeney Todd: The Demon Barber of Fleet Street,2007,https://boxd.it/1PcS
2022-07-12,The Trial of the Chicago 7,2020,https://boxd.it/kn3w
2022-07-12,Good Omens: Lockdown,2020,https://boxd.it/q8Gg
2022-07-12,Saw,2003,https://boxd.it/7eiG
2022-07-13,Treasure Planet,2002,https://boxd.it/1Znm
2022-07-13,The Sea Beast,2022,https://boxd.it/kv3a
2022-07-13,Jurassic World Dominion,2022,https://boxd.it/ikXW
2022-07-13,The Intouchables,2011,https://boxd.it/2FT0
2022-07-13,Serial (Bad) Weddings,2014,https://boxd.it/7Nw4
2022-07-13,It's Only the End of the World,2016,https://boxd.it/be0K
2022-07-14,Noah,2014,https://boxd.it/34QA
2022-07-14,Errementari: The Blacksmith and the Devil,2017,https://boxd.it/h7US
2022-07-15,The Two Popes,2019,https://boxd.it/k8Xk
2022-07-15,Luther,2003,https://boxd.it/22Og
2022-07-15,The Passion of the Christ,2004,https://boxd.it/29ZK
2022-07-15,Hop,2011,https://boxd.it/DQa
2022-07-15,Alvin and the Chipmunks,2007,https://boxd.it/21E0
2022-07-15,Apollo 18,2011,https://boxd.it/DQu
2022-07-16,"The Chronicles of Narnia: The Lion, the Witch and the Wardrobe",2005,https://boxd.it/2ark
2022-07-16,Edward Scissorhands,1990,https://boxd.it/2aZc
2022-07-16,Corpse Bride,2005,https://boxd.it/24WQ
2022-07-16,Dark Shadows,2012,https://boxd.it/bQ2
2022-07-18,The Martian,2015,https://boxd.it/8SeG
2022-07-19,Ghostbusters,1984,https://boxd.it/g2w
2022-07-19,Ghostbusters,2016,https://boxd.it/Vm8
2022-07-19,Ghostbusters II,1989,https://boxd.it/261s
2022-07-21,RRR,2022,https://boxd.it/ljDs
2022-07-24,Battle at Big Rock,2019,https://boxd.it/nlTQ
2022-07-26,The Smurfs,2011,https://boxd.it/Zcm
2022-07-26,The Smurfs 2,2013,https://boxd.it/2HvO
2022-07-26,Garfield,2004,https://boxd.it/1ZAA
2022-07-27,Raw,2016,https://boxd.it/dLd2
2022-07-28,Everything Everywhere All at Once,2022,https://boxd.it/jUk4
2022-08-03,Stromberg – The Movie,2014,https://boxd.it/74Gy
2022-08-03,Look Who's Back,2015,https://boxd.it/akeQ
2022-08-10,Manhunt,2017,https://boxd.it/jY7I
2022-08-15,Prey,2022,https://boxd.it/sNBU
2022-08-16,Thirteen Lives,2022,https://boxd.it/q7O4
2022-08-22,"Love, Death & Robots: Three Robots: Exit Strategies",2022,https://boxd.it/AVpy
2022-08-22,"Love, Death & Robots: Bad Travelling",2022,https://boxd.it/BykM
2022-08-22,"Love, Death & Robots: The Very Pulse of the Machine",2022,https://boxd.it/AW5O
2022-08-22,"Love, Death & Robots: Night of the Mini Dead",2022,https://boxd.it/AW6s
2022-08-22,"Love, Death & Robots: Kill Team Kill",2022,https://boxd.it/AW6M
2022-08-22,"Love, Death & Robots: Swarm",2022,https://boxd.it/AW84
2022-08-22,"Love, Death & Robots: Mason's Rats",2022,https://boxd.it/AW76
2022-08-22,"Love, Death & Robots: In Vaulted Halls Entombed",2022,https://boxd.it/AW7A
2022-08-22,"Love, Death & Robots: Jibaro",2022,https://boxd.it/EqO6
2022-08-22,Hairspray,2007,https://boxd.it/261M
2022-08-23,"Love, Death & Robots: Automated Customer Service",2021,https://boxd.it/vhLk
2022-08-23,"Love, Death & Robots: Ice",2021,https://boxd.it/vhLu
2022-08-23,"Love, Death & Robots: Pop Squad",2021,https://boxd.it/vhLE
2022-08-23,"Love, Death & Robots: Snow in the Desert",2021,https://boxd.it/vhLO
2022-08-24,Good Time,2017,https://boxd.it/fcFu
2022-08-26,"Love, Death & Robots: The Tall Grass",2021,https://boxd.it/vdQU
2022-08-26,"Love, Death & Robots: All Through the House",2021,https://boxd.it/vhXA
2022-08-26,"Love, Death & Robots: Life Hutch",2021,https://boxd.it/vdRe
2022-08-26,"Love, Death & Robots: The Drowned Giant",2021,https://boxd.it/vdRo
2022-08-29,Kung Fury,2015,https://boxd.it/7mSM
2022-08-29,Iron Sky,2012,https://boxd.it/1VEI
2022-08-31,Enola Holmes,2020,https://boxd.it/hX2o
2022-09-01,Nope,2022,https://boxd.it/sDCe
2022-09-01,Werner and the Wizard of Booze,1990,https://boxd.it/1XUS
2022-09-01,Werner: Eat My Dust!!!,1996,https://boxd.it/1Yuw
2022-09-01,Werner - Volles Rooäää!!!,1999,https://boxd.it/1Yxg
2022-09-01,Werner - Gekotzt wird später!,2003,https://boxd.it/1Wbs
2022-09-01,Werner - Eiskalt!,2011,https://boxd.it/dCc
2022-09-11,The Imitation Game,2014,https://boxd.it/6aig
2022-09-16,The Drowning of Arthur Braxton,2021,https://boxd.it/bRJY
2022-09-21,Big Time Adolescence,2019,https://boxd.it/jFke
2022-09-21,Project Power,2020,https://boxd.it/ml8S
2022-10-09,Hellraiser,2022,https://boxd.it/bg7S
2022-10-09,Midnight Mass,2021,https://boxd.it/wvVA
2022-10-14,Red Notice,2021,https://boxd.it/ixtq
2022-10-29,Bullet Train,2022,https://boxd.it/qW26
2022-11-14,Mamma Mia!,2008,https://boxd.it/1Tnq
2022-12-25,Home Alone,1990,https://boxd.it/29Fg
2022-12-25,Home Alone 2: Lost in New York,1992,https://boxd.it/29F6
2022-12-28,Avatar: The Way of Water,2022,https://boxd.it/2E2E
2022-12-29,Glass Onion,2022,https://boxd.it/oCkK
2022-12-31,Guillermo del Toro's Pinocchio,2022,https://boxd.it/kjMW
2023-01-03,Inside Man,2022,https://boxd.it/Ay6I
2023-01-05,Jumanji: Welcome to the Jungle,2017,https://boxd.it/bUeE
2023-01-08,Puss in Boots,2011,https://boxd.it/eL34
2023-01-18,Puss in Boots: The Last Wish,2022,https://boxd.it/aaie
2023-01-19,The Menu,2022,https://boxd.it/lScm
2023-01-29,The Great Wall,2016,https://boxd.it/a04c
2023-01-29,Gerald's Game,2017,https://boxd.it/buKa
2023-01-29,Erin Brockovich,2000,https://boxd.it/2al2
2023-01-29,Wonder,2017,https://boxd.it/ekeY
2023-01-30,Ticket to Paradise,2022,https://boxd.it/u8Cc
2023-01-31,The Banshees of Inisherin,2022,https://boxd.it/p7XS
2023-02-05,All My Life,2020,https://boxd.it/nrnG
2023-02-13,Alex Strangelove,2018,https://boxd.it/iwqA
2023-02-17,CODA,2021,https://boxd.it/tbf4
2023-02-22,"history of the entire world, i guess",2017,https://boxd.it/rQx0
2023-02-22,Ponyo,2008,https://boxd.it/1S0A
2023-03-05,Sex Tape,2014,https://boxd.it/6FRG
2023-03-07,Apostle,2018,https://boxd.it/f0so
2023-03-08,Gladiator,2000,https://boxd.it/2b9m
2023-03-28,Monsters,2010,https://boxd.it/Tdy
2023-04-02,John Wick: Chapter 4,2023,https://boxd.it/mh48
2023-04-14,Princess Mononoke,1997,https://boxd.it/2b4w
2023-04-23,"Good Bye, Lenin!",2003,https://boxd.it/2ayA
2023-04-25,Once,2007,https://boxd.it/22GG
2023-04-26,My Octopus Teacher,2020,https://boxd.it/prk2
2023-04-26,Gone Girl,2014,https://boxd.it/6hQu
2023-04-26,Watchmen,2009,https://boxd.it/1QE4
2023-04-27,Phase IV,1974,https://boxd.it/iDY
2023-04-27,Gamera: Guardian of the Universe,1995,https://boxd.it/uiy
2023-04-28,The Super Mario Bros. Movie,2023,https://boxd.it/i8C8
2023-04-28,Trio,2019,https://boxd.it/qEvk
2023-04-30,Oldboy,2003,https://boxd.it/29R2
2023-05-01,Aftersun,2022,https://boxd.it/Arw0
2023-05-04,The Perfect Secret,2019,https://boxd.it/mYUw
2023-05-04,Turkish for Beginners,2012,https://boxd.it/3i8i
2023-05-04,Suck Me Shakespeer,2013,https://boxd.it/6R7A
2023-05-04,Suck Me Shakespeer 2,2015,https://boxd.it/aMmI
2023-05-04,Suck Me Shakespeer 3,2017,https://boxd.it/fxOC
2023-05-04,Girls on Top,2001,https://boxd.it/1YW6
2023-05-05,The NeverEnding Story,1984,https://boxd.it/1dE0
2023-05-15,Mother's Day,1993,https://boxd.it/1Md4
2023-05-27,"Alice, Darling",2022,https://boxd.it/w5fS
2023-05-27,The Inbetweeners Movie,2011,https://boxd.it/2v50
2023-06-09,Edge of Tomorrow,2014,https://boxd.it/4pD0
2023-06-10,The Wrong Trousers,1993,https://boxd.it/2ack
2023-06-11,Chicken Run,2000,https://boxd.it/20Xg
2023-06-12,The Hangover,2009,https://boxd.it/1GjK
2023-06-12,21 Jump Street,2012,https://boxd.it/J0
2023-06-12,The Lorax,2012,https://boxd.it/2w9M
2023-06-12,Monsters vs Aliens,2009,https://boxd.it/1M50
2023-06-14,Puppy Swap: Love Unleashed,2019,https://boxd.it/mOzy
2023-06-24,Grease,1978,https://boxd.it/29YW
2023-07-12,Spider-Man: Across the Spider-Verse,2023,https://boxd.it/kSz4
2023-07-15,Nimona,2023,https://boxd.it/Aiyc
2023-07-19,Lady Bird,2017,https://boxd.it/dGNE
2023-07-20,National Theatre Live: Fleabag,2019,https://boxd.it/mXOW
2023-07-20,Little Women,2019,https://boxd.it/aSVk
2023-07-21,Asteroid City,2023,https://boxd.it/s3ds
2023-07-22,Barbie,2023,https://boxd.it/bCLK
2023-07-24,The Death of Stalin,2017,https://boxd.it/ea9Y
2023-07-26,Skyscraper,2018,https://boxd.it/fVqa
2023-07-30,Hellbound: Hellraiser II,1988,https://boxd.it/1ZfW
2023-08-02,The Nice Guys,2016,https://boxd.it/94Hg
2023-08-03,Oppenheimer,2023,https://boxd.it/wUow
2023-08-09,Hulk,2003,https://boxd.it/27PS
2023-08-11,The Greatest Showman,2017,https://boxd.it/acjI
2023-08-28,Jesus Christ Superstar,1973,https://boxd.it/1RK8
2023-08-30,Rubber,2010,https://boxd.it/P2m
2023-09-05,Ford v Ferrari,2019,https://boxd.it/ce74
2023-09-05,Mowgli: Legend of the Jungle,2018,https://boxd.it/el2E
2023-09-11,Paint Drying,2016,https://boxd.it/UYIe
2023-09-12,Dracula,1931,https://boxd.it/2b34
2023-09-16,Renfield,2023,https://boxd.it/o8vy
2023-09-17,Shadow of the Vampire,2000,https://boxd.it/1Vb2
2023-09-17,Ed Wood,1994,https://boxd.it/2adM
2023-09-17,Dumbo,2019,https://boxd.it/aNYI
2023-09-17,Miss Peregrine's Home for Peculiar Children,2016,https://boxd.it/8KPu
2023-09-18,Glen or Glenda,1953,https://boxd.it/1yuq
2023-09-21,The Prestige,2006,https://boxd.it/293w
2023-09-22,The Pale Blue Eye,2022,https://boxd.it/u8tk
2023-09-29,Snowpiercer,2013,https://boxd.it/3Icg
2023-10-01,28 Weeks Later,2007,https://boxd.it/28Bi
2023-10-22,Howl's Moving Castle,2004,https://boxd.it/23De
2023-10-28,The Land Before Time II: The Great Valley Adventure,1994,https://boxd.it/1L3s
2023-10-28,The Land Before Time III: The Time of the Great Giving,1995,https://boxd.it/1FT8
2023-10-28,The Land Before Time IV: Journey Through the Mists,1996,https://boxd.it/1FyY
2023-10-28,The Land Before Time V: The Mysterious Island,1997,https://boxd.it/1FyO
2023-10-28,The Land Before Time VI: The Secret of Saurus Rock,1998,https://boxd.it/1IOA
2023-10-28,The Land Before Time VII: The Stone of Cold Fire,2000,https://boxd.it/1yiY
2023-10-28,The Land Before Time VIII: The Big Freeze,2001,https://boxd.it/1vvK
2023-10-28,The Land Before Time IX: Journey to Big Water,2002,https://boxd.it/1vA6
2023-10-28,The Land Before Time X: The Great Longneck Migration,2003,https://boxd.it/1xsy
2023-10-28,The Land Before Time XI: Invasion of the Tinysauruses,2005,https://boxd.it/1xse
2023-10-28,The Land Before Time XII: The Great Day of the Flyers,2006,https://boxd.it/1i5u
2023-10-28,The Land Before Time,1988,https://boxd.it/1Sr2
2023-12-29,The Wolf of Wall Street,2013,https://boxd.it/3C1m
2024-01-04,Leo,2023,https://boxd.it/EGzm
2024-01-06,Moxie,2021,https://boxd.it/lsQK
2024-01-06,Marry My Dead Body,2022,https://boxd.it/BaQE
2024-01-10,The Bisexual,2018,https://boxd.it/ldRe
2024-01-28,Full Metal Jacket,1987,https://boxd.it/2a1Q
2024-01-30,Sharknado,2013,https://boxd.it/69Qc
2024-01-30,Sharknado 2: The Second One,2014,https://boxd.it/7hGQ
2024-02-03,The Rescue,2021,https://boxd.it/pmto
2024-02-16,The House That Jack Built,2018,https://boxd.it/dWO4
2024-02-17,Antiviral,2012,https://boxd.it/475Y
2024-03-16,Ricky Stanicky,2024,https://boxd.it/CFjo
2024-03-28,Anatomy of a Fall,2023,https://boxd.it/yuDE
2024-05-15,Once Upon a Time... in Hollywood,2019,https://boxd.it/gH0O
2024-05-23,Kill Bill: Vol. 1,2003,https://boxd.it/70w
2024-05-23,Futurama: Bender's Big Score,2007,https://boxd.it/215Y
2024-05-24,Futurama: The Beast with a Billion Backs,2008,https://boxd.it/1R5O
2024-05-24,Kill Bill: Vol. 2,2004,https://boxd.it/2au4
2024-05-26,Futurama: Bender's Game,2008,https://boxd.it/1Qx8
2024-05-27,Futurama: Into the Wild Green Yonder,2009,https://boxd.it/1MTu
2024-05-29,Godzilla × Kong: The New Empire,2024,https://boxd.it/v1PK
2024-05-30,Godzilla Minus One,2023,https://boxd.it/zu4c
2024-06-05,King Kong,1933,https://boxd.it/2aMM
2024-06-06,The Son of Kong,1933,https://boxd.it/VaG
2024-06-07,Mad Max,1979,https://boxd.it/1Y7i
2024-06-07,Mad Max 2,1981,https://boxd.it/1ZPg
2024-06-08,Mad Max Beyond Thunderdome,1985,https://boxd.it/1YTm
2024-06-08,Mad Max: Fury Road,2015,https://boxd.it/2DjO
2024-06-25,Chappie,2015,https://boxd.it/5Y3e
2024-07-02,Summer Storm,2004,https://boxd.it/2axW
2024-07-24,Love Lies Bleeding,2024,https://boxd.it/zN4q
2024-07-25,Titane,2021,https://boxd.it/nlQC
2024-08-02,The Promised Land,2023,https://boxd.it/B1hA
2024-08-03,Free Solo,2018,https://boxd.it/iEEq
2024-08-09,A Quiet Place: Day One,2024,https://boxd.it/sDAi
2024-08-11,Sunshine Barry & the Disco Worms,2008,https://boxd.it/1Lpy
2024-08-12,Longlegs,2024,https://boxd.it/KzLM
2024-08-13,Scrooged,1988,https://boxd.it/1Y9e
2024-08-28,Don't Hug Me I'm Scared,2011,https://boxd.it/4afW
2024-08-28,Don't Hug Me I'm Scared 2,2014,https://boxd.it/7wdu
2024-08-28,Don't Hug Me I'm Scared 6,2016,https://boxd.it/e9Ne
2024-08-28,Don't Hug Me I'm Scared 4,2015,https://boxd.it/b094
2024-08-28,Don't Hug Me I'm Scared 3,2014,https://boxd.it/9ytS
2024-08-28,Don't Hug Me I'm Scared 5,2015,https://boxd.it/cKU8
2024-08-30,Alien: Romulus,2024,https://boxd.it/zGqO
2024-09-12,How to Train Your Dragon: The Hidden World,2019,https://boxd.it/5a9w
2024-09-29,Clueless,1995,https://boxd.it/1Ygk
2024-10-07,Twin Peaks,1989,https://boxd.it/g8pk
2024-10-07,Twin Peaks: Fire Walk with Me,1992,https://boxd.it/27Qw
2024-10-18,The Substance,2024,https://boxd.it/zanS
2024-10-18,The Last Unicorn,1982,https://boxd.it/1WXQ
2024-10-25,Airplane!,1980,https://boxd.it/29yu
2024-10-25,Land of the Lost,2009,https://boxd.it/1Htc
2024-10-31,Twin Peaks: The Return,2017,https://boxd.it/hN9O
2024-10-31,I Saw the TV Glow,2024,https://boxd.it/woVe
2024-11-02,Spaceballs,1987,https://boxd.it/29cy
2024-11-07,WHAT DID JACK DO?,2017,https://boxd.it/jcWe
2024-11-19,AlphaGo,2017,https://boxd.it/geTA
2024-11-19,Pawn Sacrifice,2014,https://boxd.it/7dlE
2024-11-24,Conclave,2024,https://boxd.it/AO8q
2024-11-24,Cruella,2021,https://boxd.it/bbKg
2024-11-28,Deadpool & Wolverine,2024,https://boxd.it/jq8s
2025-01-07,Sonic the Hedgehog 2,2022,https://boxd.it/pb8O
2025-01-17,Mulholland Drive,2001,https://boxd.it/297o
2025-01-18,The Straight Story,1999,https://boxd.it/2ass
2025-01-20,David Lynch Cooks Quinoa,2007,https://boxd.it/Ljok
2025-01-30,Sonic the Hedgehog 3,2024,https://boxd.it/zq0U
2025-02-03,David Lynch: The Art Life,2016,https://boxd.it/eASq
2025-02-23,The Elephant Man,1980,https://boxd.it/27LQ
2025-02-23,Eraserhead,1977,https://boxd.it/299u
2025-05-11,Soldier Monika,2024,https://boxd.it/LhRk
2025-07-04,The Hunger Games,2012,https://boxd.it/2uds
2025-07-04,Ballerina,2025,https://boxd.it/jKqG
2025-07-04,The Hunger Games: Catching Fire,2013,https://boxd.it/3sAw
2025-07-04,The Hunger Games: Mockingjay – Part 1,2014,https://boxd.it/4hka
2025-07-20,Superman,2025,https://boxd.it/E9IU
2025-07-20,Dominion,2018,https://boxd.it/gXqy
2025-07-29,Challengers,2024,https://boxd.it/zld0
2025-08-02,A Very Sunny Christmas,2009,https://boxd.it/G7Yg
2025-08-02,BlackBerry,2023,https://boxd.it/CoVK
2025-08-13,The Hunger Games: Mockingjay – Part 2,2015,https://boxd.it/4hk0
2025-08-21,Weapons,2025,https://boxd.it/EMTM
2025-08-21,Predator: Killer of Killers,2025,https://boxd.it/QYvQ
2025-08-24,Cargo,2017,https://boxd.it/f55Y
2025-09-08,Evan Almighty,2007,https://boxd.it/26s4
