Date,Content
2020-06-08,https://boxd.it/f1ko5
2020-06-25,https://boxd.it/Oc3pH
2020-06-25,https://boxd.it/ruciT
2020-07-17,https://boxd.it/orvkL
2020-07-20,https://boxd.it/6kJfp
2020-08-19,https://boxd.it/1cBwbl
2021-05-07,https://boxd.it/1PDu2V
2021-05-07,https://boxd.it/1OIns9
2021-05-07,https://boxd.it/1Pyxvr
2021-05-07,https://boxd.it/1Q4pOf
2021-05-07,https://boxd.it/1OldGf
2021-06-19,https://boxd.it/qtb4v
2021-06-19,https://boxd.it/qzy3H
2021-06-19,https://boxd.it/rgR41
2021-06-19,https://boxd.it/ry9Wp
2021-06-26,https://boxd.it/gLrZN
2021-06-28,https://boxd.it/1bPeQJ
2021-06-28,https://boxd.it/Z9UXv
2021-06-28,https://boxd.it/1iNToZ
2021-06-28,https://boxd.it/yO1bF
2021-06-28,https://boxd.it/u23Ch
2021-06-28,https://boxd.it/vU2nx
2021-06-28,https://boxd.it/Qcf7N
2021-07-04,https://boxd.it/MEpir
2021-07-04,https://boxd.it/LRxzn
2021-07-04,https://boxd.it/5aowP
2021-07-04,https://boxd.it/ra1Ef
2021-07-04,https://boxd.it/qNL7v
2021-07-04,https://boxd.it/1XO3tT
2021-07-04,https://boxd.it/1Y3UCJ
2021-07-05,https://boxd.it/C25FJ
2021-07-05,https://boxd.it/1EOLul
2021-07-06,https://boxd.it/eUnt
2021-07-06,https://boxd.it/gTvh7
2021-07-06,https://boxd.it/cnvWJ
2021-07-08,https://boxd.it/bIiTb
2021-07-08,https://boxd.it/TI9L
2021-07-08,https://boxd.it/ltlq7
2021-07-08,https://boxd.it/S2HfD
2021-07-08,https://boxd.it/1e0uUR
2021-07-10,https://boxd.it/1TtMgd
2021-07-10,https://boxd.it/1TmfMh
2021-07-10,https://boxd.it/1UeP8l
2021-07-10,https://boxd.it/1TBUqV
2021-07-10,https://boxd.it/1TtrMR
2021-07-12,https://boxd.it/JbUlV
2021-07-12,https://boxd.it/1Dqtjn
2021-07-12,https://boxd.it/9euYT
2021-07-13,https://boxd.it/1YKJE1
2021-07-13,https://boxd.it/1YLp5H
2021-07-13,https://boxd.it/1YKz1t
2021-07-13,https://boxd.it/1YTlLF
2021-07-13,https://boxd.it/1YLSxb
2021-07-13,https://boxd.it/1YLeAJ
2021-07-13,https://boxd.it/XgxKz
2021-07-14,https://boxd.it/RPfDV
2021-07-14,https://boxd.it/q48bD
2021-07-14,https://boxd.it/y8yS9
2021-07-14,https://boxd.it/T2pI7
2021-07-14,https://boxd.it/OBhpL
2021-07-15,https://boxd.it/mjlEx
2021-07-16,https://boxd.it/pQHkR
2021-07-16,https://boxd.it/dmeEl
2021-07-16,https://boxd.it/CgKJb
2021-07-16,https://boxd.it/YDVuv
2021-07-18,https://boxd.it/d768h
2021-07-18,https://boxd.it/cIt1t
2021-07-18,https://boxd.it/vKDrL
2021-07-18,https://boxd.it/168DPl
2021-07-18,https://boxd.it/8FauJ
2021-07-18,https://boxd.it/Ujjhx
2021-07-20,https://boxd.it/npUAL
2021-07-21,https://boxd.it/9PDSz
2021-07-21,https://boxd.it/djSUd
2021-07-21,https://boxd.it/1AEmKn
2021-07-21,https://boxd.it/qn0wL
2021-07-21,https://boxd.it/9FiOr
2021-07-21,https://boxd.it/bpmIt
2021-07-21,https://boxd.it/Kx10r
2021-07-21,https://boxd.it/1AEmfz
2021-07-21,https://boxd.it/aZ32V
2021-07-21,https://boxd.it/XjxzR
2021-07-21,https://boxd.it/12387h
2021-07-21,https://boxd.it/buqTl
2021-07-21,https://boxd.it/vU2fj
2021-07-21,https://boxd.it/zOw1b
2021-07-21,https://boxd.it/bYoCd
2021-07-21,https://boxd.it/6ZVhf
2021-07-21,https://boxd.it/hAjkJ
2021-07-21,https://boxd.it/19brx3
2021-07-21,https://boxd.it/9kxn9
2021-07-21,https://boxd.it/cmlsH
2021-07-22,https://boxd.it/1uslEb
2021-07-22,https://boxd.it/1G4GSN
2021-07-25,https://boxd.it/j95BZ
2021-07-25,https://boxd.it/qHCGp
2021-07-25,https://boxd.it/rTQ1
2021-07-26,https://boxd.it/1f3dtf
2021-08-01,https://boxd.it/NiTkx
2021-08-01,https://boxd.it/P6bBN
2021-08-01,https://boxd.it/1Rllbh
2021-08-01,https://boxd.it/16sYqh
2021-08-01,https://boxd.it/1pjC4h
2021-08-01,https://boxd.it/Mba9r
2021-08-01,https://boxd.it/8EwAd
2021-08-05,https://boxd.it/1xJJeR
2021-08-05,https://boxd.it/xrsst
2021-08-05,https://boxd.it/kJOId
2021-08-05,https://boxd.it/yNyr5
2021-08-05,https://boxd.it/1hCmn9
2021-08-06,https://boxd.it/d30rz
2021-08-20,https://boxd.it/CgaBb
2021-08-20,https://boxd.it/LOFSV
2021-08-20,https://boxd.it/b1eyH
2021-08-20,https://boxd.it/1fhj9
2021-08-20,https://boxd.it/1RPe1J
2021-08-20,https://boxd.it/6NzkH
2021-08-20,https://boxd.it/fO2OR
2021-08-20,https://boxd.it/1q5Con
2021-08-20,https://boxd.it/1WIhSd
2021-08-20,https://boxd.it/1WoHjj
2021-08-20,https://boxd.it/234zq5
2021-08-20,https://boxd.it/23StS3
2021-08-25,https://boxd.it/25D2LR
2021-09-05,https://boxd.it/nsjvP
2021-09-18,https://boxd.it/rb4eB
2021-09-24,https://boxd.it/TMYOV
2021-09-24,https://boxd.it/qWvqp
2021-09-24,https://boxd.it/caYrp
2021-09-24,https://boxd.it/11f2Op
2021-09-26,https://boxd.it/Blm29
2021-09-26,https://boxd.it/zIvx
2021-09-26,https://boxd.it/X9SKL
2021-09-26,https://boxd.it/1skxaj
2021-09-30,https://boxd.it/240Q2l
2021-09-30,https://boxd.it/249LQD
2021-09-30,https://boxd.it/23pNWr
2021-09-30,https://boxd.it/23Quad
2021-10-04,https://boxd.it/28wmsN
2021-10-04,https://boxd.it/2aR59z
2021-10-06,https://boxd.it/83ysV
2021-10-06,https://boxd.it/gOUDd
2021-10-06,https://boxd.it/k5z5v
2021-10-06,https://boxd.it/8RKET
2021-10-07,https://boxd.it/2b51Pp
2021-10-07,https://boxd.it/2b51eD
2021-10-07,https://boxd.it/1XExJx
2021-10-07,https://boxd.it/1QB4Mj
2021-10-11,https://boxd.it/2bMT2H
2021-10-11,https://boxd.it/29lSQJ
2021-10-11,https://boxd.it/28NEvT
2021-10-11,https://boxd.it/28Vmq3
2021-10-11,https://boxd.it/29k79V
2021-10-17,https://boxd.it/xgTAx
2021-10-17,https://boxd.it/xpePT
2021-10-17,https://boxd.it/zR2u9
2021-10-17,https://boxd.it/xgg5Z
2021-10-17,https://boxd.it/xDen9
2021-10-17,https://boxd.it/xmquH
2021-10-18,https://boxd.it/2aMTxh
2021-10-18,https://boxd.it/2axJOH
2021-10-18,https://boxd.it/2aUNvZ
2021-10-18,https://boxd.it/2byoCr
2021-10-18,https://boxd.it/2dbaFN
2021-10-18,https://boxd.it/2aR1qV
2021-10-23,https://boxd.it/2bbqcz
2021-10-24,https://boxd.it/bi2SJ
2021-10-24,https://boxd.it/LSf8F
2021-10-24,https://boxd.it/BJvgn
2021-10-24,https://boxd.it/OeueZ
2021-10-24,https://boxd.it/1iOB8h
2021-11-02,https://boxd.it/13fXnN
2021-11-04,https://boxd.it/Zi4pf
2021-11-04,https://boxd.it/1sDSsB
2021-11-05,https://boxd.it/1RMVzD
2021-11-05,https://boxd.it/2gc9KL
2021-11-06,https://boxd.it/2e41ot
2021-11-06,https://boxd.it/2ee09d
2021-11-06,https://boxd.it/2cq9L7
2021-11-06,https://boxd.it/2evdGj
2021-11-06,https://boxd.it/2cOHVj
2021-11-06,https://boxd.it/2dHJPx
2021-11-07,https://boxd.it/TApdL
2021-11-10,https://boxd.it/1AqrjX
2021-11-10,https://boxd.it/r4TZT
2021-11-10,https://boxd.it/roxAR
2021-11-10,https://boxd.it/rc0Wh
2021-11-10,https://boxd.it/rS6oz
2021-11-13,https://boxd.it/2h0tNl
2021-11-14,https://boxd.it/sPjwJ
2021-11-14,https://boxd.it/2gAbBz
2021-11-20,https://boxd.it/1cRypV
2021-11-20,https://boxd.it/21bHWf
2021-11-20,https://boxd.it/J4uuN
2021-11-20,https://boxd.it/QnjJt
2021-11-20,https://boxd.it/1VxpJR
2021-11-20,https://boxd.it/wGWGh
2021-11-21,https://boxd.it/i5YU1
2021-11-21,https://boxd.it/dShl1
2021-11-21,https://boxd.it/f9Xpd
2021-11-21,https://boxd.it/1Hbp1l
2021-11-21,https://boxd.it/hlp1N
2021-11-21,https://boxd.it/dEBz5
2021-11-21,https://boxd.it/ey4gh
2021-11-21,https://boxd.it/23mcdD
2021-11-21,https://boxd.it/2is3zH
2021-11-22,https://boxd.it/c3cpL
2021-11-22,https://boxd.it/GzRUT
2021-11-22,https://boxd.it/c54Kl
2021-11-22,https://boxd.it/2h2xrd
2021-11-23,https://boxd.it/NgU0J
2021-11-23,https://boxd.it/hU5IH
2021-11-23,https://boxd.it/XH7pz
2021-11-23,https://boxd.it/uBIix
2021-11-23,https://boxd.it/1DDzzd
2021-11-23,https://boxd.it/1aKLu3
2021-11-24,https://boxd.it/Lq0IH
2021-11-24,https://boxd.it/G9Pfx
2021-11-25,https://boxd.it/2hfyin
2021-11-25,https://boxd.it/2ifo1b
2021-12-01,https://boxd.it/2kgmkP
2021-12-05,https://boxd.it/29tO4H
2021-12-05,https://boxd.it/1qKXFV
2021-12-05,https://boxd.it/J2skR
2021-12-05,https://boxd.it/wH3hD
2021-12-05,https://boxd.it/1kEelP
2021-12-05,https://boxd.it/Qs5gn
2021-12-05,https://boxd.it/1Kkzn7
2021-12-05,https://boxd.it/H40B7
2021-12-05,https://boxd.it/PEZYZ
2021-12-06,https://boxd.it/7EEin
2021-12-06,https://boxd.it/2l0RQT
2021-12-06,https://boxd.it/2epuEx
2021-12-06,https://boxd.it/2l1alb
2021-12-06,https://boxd.it/ktu6B
2021-12-06,https://boxd.it/2h8Ydf
2021-12-06,https://boxd.it/2adObb
2021-12-06,https://boxd.it/qbXyn
2021-12-06,https://boxd.it/q9kZP
2021-12-06,https://boxd.it/plm4V
2021-12-06,https://boxd.it/1hHy6p
2021-12-07,https://boxd.it/2dTDtT
2021-12-08,https://boxd.it/20EMWN
2021-12-08,https://boxd.it/W81rl
2021-12-08,https://boxd.it/2eLGzt
2021-12-09,https://boxd.it/2lmn03
2021-12-11,https://boxd.it/2lzJFD
2021-12-17,https://boxd.it/2jfm7b
2021-12-17,https://boxd.it/2mBccL
2021-12-21,https://boxd.it/2ns8p3
2021-12-25,https://boxd.it/oU6BZ
2021-12-25,https://boxd.it/sQ9gD
2021-12-25,https://boxd.it/m5uIZ
2021-12-25,https://boxd.it/sxLZX
2021-12-27,https://boxd.it/hnW2D
2021-12-27,https://boxd.it/FjaXz
2021-12-27,https://boxd.it/2dzybb
2021-12-27,https://boxd.it/27Gvaf
2021-12-27,https://boxd.it/28sGSX
2021-12-29,https://boxd.it/2lpzZ9
2021-12-29,https://boxd.it/2oXoHD
2021-12-31,https://boxd.it/2o3SRV
2021-12-31,https://boxd.it/2itESN
2021-12-31,https://boxd.it/2jem1b
2021-12-31,https://boxd.it/2jkdT1
2021-12-31,https://boxd.it/2kikKb
2021-12-31,https://boxd.it/2pObiL
2021-12-31,https://boxd.it/gXO1b
2021-12-31,https://boxd.it/VNcZV
2021-12-31,https://boxd.it/RAI8R
2021-12-31,https://boxd.it/1EOHoD
2022-01-02,https://boxd.it/2pNiER
2022-01-03,https://boxd.it/g0JZR
2022-01-03,https://boxd.it/2o0Ddl
2022-01-03,https://boxd.it/NR8FD
2022-01-03,https://boxd.it/1RhWHL
2022-01-03,https://boxd.it/2lY7r9
2022-01-03,https://boxd.it/2iqbaB
2022-01-03,https://boxd.it/1KyKMF
2022-01-04,https://boxd.it/iVVJj
2022-01-04,https://boxd.it/p92oH
2022-01-04,https://boxd.it/T2cq5
2022-01-08,https://boxd.it/1yUJTV
2022-01-10,https://boxd.it/2jf3jx
2022-01-14,https://boxd.it/2fgRFz
2022-01-14,https://boxd.it/2t4Q5d
2022-01-20,https://boxd.it/2tKU2V
2022-01-20,https://boxd.it/2tPJW9
2022-01-20,https://boxd.it/2tUHqF
2022-01-20,https://boxd.it/2v5xGp
2022-01-20,https://boxd.it/2tOjPf
2022-01-20,https://boxd.it/2tUyDP
2022-01-20,https://boxd.it/2tXehv
2022-01-20,https://boxd.it/2tQyAt
2022-01-20,https://boxd.it/2u0seL
2022-01-20,https://boxd.it/2tKqVB
2022-01-20,https://boxd.it/2tJMJP
2022-01-20,https://boxd.it/2tRRsb
2022-01-20,https://boxd.it/2tPFfb
2022-01-20,https://boxd.it/2tYFjF
2022-01-20,https://boxd.it/2tT7a5
2022-01-20,https://boxd.it/2tWoCV
2022-01-20,https://boxd.it/2tNmmt
2022-01-25,https://boxd.it/2vbjGx
2022-01-25,https://boxd.it/2w7PE5
2022-01-25,https://boxd.it/2w7N4p
2022-01-25,https://boxd.it/2vo6DV
2022-01-25,https://boxd.it/2w4vRn
2022-01-25,https://boxd.it/2ve69h
2022-01-28,https://boxd.it/1O5yVt
2022-01-28,https://boxd.it/1vc0zV
2022-01-28,https://boxd.it/2kAZL1
2022-01-28,https://boxd.it/1x9kmf
2022-01-28,https://boxd.it/1zA2Ex
2022-01-28,https://boxd.it/1PLMfJ
2022-01-28,https://boxd.it/1whugN
2022-01-28,https://boxd.it/1DP0T7
2022-01-28,https://boxd.it/1HQGTh
2022-01-28,https://boxd.it/1Me6UR
2022-01-28,https://boxd.it/1ANDcb
2022-01-28,https://boxd.it/1zrhP3
2022-02-02,https://boxd.it/2rpf1x
2022-02-02,https://boxd.it/113frp
2022-02-02,https://boxd.it/9BvWb
2022-02-02,https://boxd.it/Rzmpp
2022-02-02,https://boxd.it/Ng08H
2022-02-02,https://boxd.it/cmtCv
2022-02-02,https://boxd.it/1cXwzB
2022-02-10,https://boxd.it/2z5VvV
2022-02-17,https://boxd.it/21UL4B
2022-02-17,https://boxd.it/cfNvF
2022-02-19,https://boxd.it/2AKJrN
2022-02-19,https://boxd.it/2xRed3
2022-02-20,https://boxd.it/1Ja5xn
2022-02-22,https://boxd.it/iHcY1
2022-02-22,https://boxd.it/iW5NP
2022-02-22,https://boxd.it/k0lfr
2022-02-24,https://boxd.it/2BJmQx
2022-02-24,https://boxd.it/lRFQH
2022-02-24,https://boxd.it/lQ3mx
2022-02-24,https://boxd.it/uejoJ
2022-02-24,https://boxd.it/lIDet
2022-02-24,https://boxd.it/lKvl1
2022-02-24,https://boxd.it/lMq07
2022-02-24,https://boxd.it/1JiZEZ
2022-02-24,https://boxd.it/X3pLD
2022-02-24,https://boxd.it/lBArF
2022-02-24,https://boxd.it/lGmj3
2022-02-24,https://boxd.it/1qIubN
2022-02-24,https://boxd.it/1IqyIR
2022-02-24,https://boxd.it/lVKi9
2022-02-24,https://boxd.it/1JfZ13
2022-02-25,https://boxd.it/2BPwiH
2022-02-25,https://boxd.it/1aUi9l
2022-02-25,https://boxd.it/1aXv4J
2022-03-07,https://boxd.it/2CU5Wz
2022-03-09,https://boxd.it/2C2DWb
2022-03-09,https://boxd.it/2CyKKb
2022-03-09,https://boxd.it/2BVRcd
2022-03-09,https://boxd.it/2CyDVL
2022-03-09,https://boxd.it/2D6Y5p
2022-03-09,https://boxd.it/2CQ9rH
2022-03-09,https://boxd.it/2DgoWd
2022-03-09,https://boxd.it/2CM81b
2022-03-09,https://boxd.it/2CWSN1
2022-03-09,https://boxd.it/2DfgtZ
2022-03-10,https://boxd.it/2EeroD
2022-03-10,https://boxd.it/zYhct
2022-03-10,https://boxd.it/GxG2x
2022-03-10,https://boxd.it/AKb53
2022-03-10,https://boxd.it/zTWOD
2022-03-10,https://boxd.it/23MONh
2022-03-12,https://boxd.it/2COwTZ
2022-03-12,https://boxd.it/2CyGQp
2022-03-12,https://boxd.it/2CXCOp
2022-03-12,https://boxd.it/2CEtSp
2022-03-12,https://boxd.it/2CNNhB
2022-03-12,https://boxd.it/2CExWv
2022-03-12,https://boxd.it/2CMO1R
2022-03-12,https://boxd.it/2CT2vj
2022-03-12,https://boxd.it/2D41iP
2022-03-12,https://boxd.it/2E5ZAv
2022-03-12,https://boxd.it/2EgPcb
2022-03-12,https://boxd.it/2DNP0r
2022-03-12,https://boxd.it/2BWcIT
2022-03-12,https://boxd.it/2CNbW7
2022-03-12,https://boxd.it/2DoLT3
2022-03-12,https://boxd.it/2Da9md
2022-03-12,https://boxd.it/2CTxI9
2022-03-12,https://boxd.it/2DfgT9
2022-03-13,https://boxd.it/2EIeeb
2022-03-13,https://boxd.it/2D8tqZ
2022-03-13,https://boxd.it/2E2Olj
2022-03-13,https://boxd.it/2DdEGT
2022-03-13,https://boxd.it/2CRvwh
2022-03-13,https://boxd.it/2E9wqT
2022-03-13,https://boxd.it/2D7OFz
2022-03-13,https://boxd.it/2CRGx1
2022-03-13,https://boxd.it/2Dg8rt
2022-03-15,https://boxd.it/1S2rUN
2022-03-15,https://boxd.it/2lp6qJ
2022-03-15,https://boxd.it/1awjoD
2022-03-15,https://boxd.it/FdJq9
2022-03-15,https://boxd.it/GmzcD
2022-03-15,https://boxd.it/GiCtT
2022-03-15,https://boxd.it/GkiFT
2022-03-15,https://boxd.it/GiGN9
2022-03-15,https://boxd.it/GxGKT
2022-03-15,https://boxd.it/GiDB5
2022-03-15,https://boxd.it/GANn9
2022-03-15,https://boxd.it/Grynl
2022-03-15,https://boxd.it/GJjOd
2022-03-15,https://boxd.it/GiThb
2022-03-16,https://boxd.it/YDxQn
2022-03-16,https://boxd.it/11anuP
2022-03-16,https://boxd.it/ZX1eP
2022-03-16,https://boxd.it/Y6LuT
2022-03-16,https://boxd.it/YOFZJ
2022-03-16,https://boxd.it/1wywK5
2022-03-18,https://boxd.it/2FAgWR
2022-03-18,https://boxd.it/2u3HAj
2022-03-18,https://boxd.it/2vnOFf
2022-03-18,https://boxd.it/2kAmRT
2022-03-19,https://boxd.it/fziy1
2022-03-19,https://boxd.it/ciPxp
2022-03-19,https://boxd.it/kTwc9
2022-03-19,https://boxd.it/xIlFT
2022-03-19,https://boxd.it/hmFSv
2022-03-19,https://boxd.it/1niRYf
2022-03-19,https://boxd.it/21U7oB
2022-03-19,https://boxd.it/26eR0B
2022-03-19,https://boxd.it/a9B8z
2022-03-19,https://boxd.it/2FP659
2022-03-19,https://boxd.it/kjgLb
2022-03-19,https://boxd.it/1oZTmR
2022-03-20,https://boxd.it/1vuw8D
2022-03-23,https://boxd.it/2qw8Dp
2022-03-23,https://boxd.it/17j7XN
2022-03-23,https://boxd.it/1KbhMv
2022-03-23,https://boxd.it/15Pbg5
2022-03-26,https://boxd.it/WpbVz
2022-03-26,https://boxd.it/WWyKl
2022-03-26,https://boxd.it/SLI7P
2022-03-26,https://boxd.it/XlwQL
2022-03-26,https://boxd.it/TCnFn
2022-03-26,https://boxd.it/16Gnor
2022-03-26,https://boxd.it/YmDWR
2022-03-26,https://boxd.it/1z8IxR
2022-03-26,https://boxd.it/YNMz7
2022-03-26,https://boxd.it/1B2d17
2022-03-26,https://boxd.it/p5CvV
2022-03-26,https://boxd.it/O6XgT
2022-03-26,https://boxd.it/KVpvB
2022-03-26,https://boxd.it/1FdCar
2022-03-26,https://boxd.it/1xe2wL
2022-03-26,https://boxd.it/1wbz7p
2022-03-26,https://boxd.it/1xn3dt
2022-03-26,https://boxd.it/1wfWhZ
2022-03-26,https://boxd.it/1wHbGz
2022-03-26,https://boxd.it/1xoXRB
2022-03-26,https://boxd.it/1xjU2v
2022-03-27,https://boxd.it/9Yh6L
2022-03-27,https://boxd.it/ac94P
2022-03-27,https://boxd.it/fFSkV
2022-03-27,https://boxd.it/9Zg3X
2022-03-27,https://boxd.it/sTgDb
2022-03-27,https://boxd.it/uUtX9
2022-03-27,https://boxd.it/jVTiT
2022-03-27,https://boxd.it/1j6HzJ
2022-03-27,https://boxd.it/epkIj
2022-03-27,https://boxd.it/1Rl57X
2022-03-27,https://boxd.it/1cYLr5
2022-03-27,https://boxd.it/1WTnKh
2022-03-27,https://boxd.it/26mzcv
2022-03-27,https://boxd.it/1TBy0r
2022-03-27,https://boxd.it/1TxNr5
2022-03-27,https://boxd.it/1TxDN1
2022-03-27,https://boxd.it/1TyyE1
2022-03-27,https://boxd.it/1UdzvB
2022-03-27,https://boxd.it/1TI3uf
2022-03-31,https://boxd.it/2y5yc3
2022-03-31,https://boxd.it/2xMB2x
2022-03-31,https://boxd.it/2HeM7Z
2022-03-31,https://boxd.it/2Ha9FF
2022-03-31,https://boxd.it/2GR97P
2022-03-31,https://boxd.it/2zHQT5
2022-03-31,https://boxd.it/2y4ZsF
2022-04-06,https://boxd.it/xLnZx
2022-04-06,https://boxd.it/fbkM7
2022-04-13,https://boxd.it/2Ggnnj
2022-04-13,https://boxd.it/2Ir8Fd
2022-04-13,https://boxd.it/2IvbVV
2022-04-13,https://boxd.it/2GvCth
2022-04-13,https://boxd.it/2ItzHz
2022-04-13,https://boxd.it/2Iosjb
2022-04-13,https://boxd.it/cgeYz
2022-04-13,https://boxd.it/1olZGt
2022-04-13,https://boxd.it/gtyqf
2022-04-13,https://boxd.it/egk6V
2022-04-14,https://boxd.it/2w7MNt
2022-04-17,https://boxd.it/zEGQX
2022-04-19,https://boxd.it/2crZ2v
2022-04-19,https://boxd.it/bHFpB
2022-04-19,https://boxd.it/f0nTt
2022-04-20,https://boxd.it/2LKfiZ
2022-04-22,https://boxd.it/2jvBVd
2022-04-23,https://boxd.it/2M9EE7
2022-04-23,https://boxd.it/2MfWWF
2022-04-25,https://boxd.it/9fbjp
2022-04-25,https://boxd.it/bLzh5
2022-04-25,https://boxd.it/bebBT
2022-04-25,https://boxd.it/NcHPV
2022-04-25,https://boxd.it/lugWf
2022-04-25,https://boxd.it/nw9tx
2022-04-25,https://boxd.it/BM8wj
2022-04-25,https://boxd.it/Pn9T5
2022-04-25,https://boxd.it/bXgCx
2022-04-25,https://boxd.it/sHVpZ
2022-04-25,https://boxd.it/2IifZL
2022-04-25,https://boxd.it/2KPT4T
2022-04-25,https://boxd.it/2A0XyV
2022-04-25,https://boxd.it/9Nazf
2022-04-25,https://boxd.it/179Cv1
2022-04-25,https://boxd.it/2JrD1x
2022-04-25,https://boxd.it/18yynr
2022-04-25,https://boxd.it/zIqkJ
2022-04-25,https://boxd.it/jtfFR
2022-04-29,https://boxd.it/1JoOhR
2022-04-29,https://boxd.it/1JvAfB
2022-04-29,https://boxd.it/1JBzPl
2022-04-30,https://boxd.it/22CJxp
2022-04-30,https://boxd.it/222TVp
2022-04-30,https://boxd.it/2NqDyv
2022-04-30,https://boxd.it/22Vkob
2022-04-30,https://boxd.it/222HpB
2022-04-30,https://boxd.it/234MUd
2022-04-30,https://boxd.it/22XZjP
2022-04-30,https://boxd.it/230FA3
2022-04-30,https://boxd.it/21LASn
2022-04-30,https://boxd.it/21Lmot
2022-04-30,https://boxd.it/23GFBp
2022-04-30,https://boxd.it/22YFBh
2022-04-30,https://boxd.it/232gPV
2022-04-30,https://boxd.it/24iajP
2022-05-01,https://boxd.it/2wradn
2022-05-01,https://boxd.it/2NlA5F
2022-05-04,https://boxd.it/2N0nbN
2022-05-04,https://boxd.it/wRMUl
2022-05-04,https://boxd.it/fWOWl
2022-05-04,https://boxd.it/WVpiv
2022-05-04,https://boxd.it/2G7mnf
2022-05-04,https://boxd.it/516xx
2022-05-04,https://boxd.it/uMgdh
2022-05-04,https://boxd.it/57h57
2022-05-04,https://boxd.it/vF8xX
2022-05-04,https://boxd.it/19lKCV
2022-05-05,https://boxd.it/ceX69
2022-05-05,https://boxd.it/zGfFR
2022-05-05,https://boxd.it/IKKz5
2022-05-05,https://boxd.it/xZzNh
2022-05-05,https://boxd.it/twtl3
2022-05-07,https://boxd.it/2OFXtf
2022-05-07,https://boxd.it/vYjkN
2022-05-07,https://boxd.it/efshl
2022-05-07,https://boxd.it/hMdqb
2022-05-07,https://boxd.it/kltZf
2022-05-09,https://boxd.it/bRcez
2022-05-09,https://boxd.it/Of3sR
2022-05-10,https://boxd.it/UqLPh
2022-05-10,https://boxd.it/U98K9
2022-05-10,https://boxd.it/XLbbT
2022-05-10,https://boxd.it/U4KJj
2022-05-11,https://boxd.it/1l0i1X
2022-05-11,https://boxd.it/1ezkBb
2022-05-11,https://boxd.it/YGmaB
2022-05-11,https://boxd.it/1m21a7
2022-05-11,https://boxd.it/2jzfDT
2022-05-11,https://boxd.it/1iTzGh
2022-05-11,https://boxd.it/WVve5
2022-05-11,https://boxd.it/1l09Cv
2022-05-11,https://boxd.it/1rt9ix
2022-05-11,https://boxd.it/1Yxam1
2022-05-11,https://boxd.it/1Qr5hh
2022-05-11,https://boxd.it/1LUw1X
2022-05-11,https://boxd.it/1zhNwx
2022-05-11,https://boxd.it/1wejhp
2022-05-11,https://boxd.it/1ngkSf
2022-05-11,https://boxd.it/2BMstZ
2022-05-11,https://boxd.it/2tgGoX
2022-05-11,https://boxd.it/2veY9l
2022-05-12,https://boxd.it/1aliKB
2022-05-12,https://boxd.it/1l1Fnp
2022-05-12,https://boxd.it/WWdet
2022-05-12,https://boxd.it/KOUJZ
2022-05-12,https://boxd.it/1skyMj
2022-05-12,https://boxd.it/1oySOr
2022-05-12,https://boxd.it/1OoVvL
2022-05-12,https://boxd.it/1BNWi7
2022-05-12,https://boxd.it/1GANbb
2022-05-12,https://boxd.it/X1syj
2022-05-12,https://boxd.it/1NO5VP
2022-05-12,https://boxd.it/1cSNgr
2022-05-12,https://boxd.it/ZUUkd
2022-05-13,https://boxd.it/1js9BF
2022-05-13,https://boxd.it/WSa77
2022-05-15,https://boxd.it/1odSxX
2022-05-15,https://boxd.it/1l4bNj
2022-05-15,https://boxd.it/L2MId
2022-05-15,https://boxd.it/1t6UiV
2022-05-15,https://boxd.it/2v5rkR
2022-05-15,https://boxd.it/1Zczil
2022-05-15,https://boxd.it/Wxw7r
2022-05-15,https://boxd.it/2kKfX1
2022-05-16,https://boxd.it/1fo0GR
2022-05-16,https://boxd.it/1aa04l
2022-05-16,https://boxd.it/1WxRMD
2022-05-16,https://boxd.it/1VdhGF
2022-05-16,https://boxd.it/X8LsD
2022-05-16,https://boxd.it/1pKmr9
2022-05-16,https://boxd.it/1ASAwx
2022-05-16,https://boxd.it/Xf6ER
2022-05-17,https://boxd.it/2QsqQR
2022-05-17,https://boxd.it/7ZE3z
2022-05-17,https://boxd.it/1qMdBd
2022-05-17,https://boxd.it/2djRml
2022-05-18,https://boxd.it/1tZ8Ih
2022-05-18,https://boxd.it/1hXFWT
2022-05-20,https://boxd.it/di4bv
2022-05-20,https://boxd.it/1iXdIj
2022-05-20,https://boxd.it/de9gn
2022-05-20,https://boxd.it/2AHxu5
2022-05-20,https://boxd.it/dexAV
2022-05-20,https://boxd.it/2KUGmv
2022-05-20,https://boxd.it/2OAjBN
2022-05-20,https://boxd.it/2LYl3f
2022-05-22,https://boxd.it/2RaQVr
2022-05-24,https://boxd.it/2NvJ2b
2022-05-24,https://boxd.it/2RK5KN
2022-05-24,https://boxd.it/2RUUaL
2022-05-24,https://boxd.it/2RUdx3
2022-05-24,https://boxd.it/2RTPRt
2022-05-26,https://boxd.it/2RSm2f
2022-05-26,https://boxd.it/2RSkHb
2022-05-26,https://boxd.it/2S0nCf
2022-05-26,https://boxd.it/2ROb2P
2022-05-27,https://boxd.it/2Spv67
2022-05-27,https://boxd.it/2SlKpZ
2022-05-27,https://boxd.it/2SiAdN
2022-05-27,https://boxd.it/2SrGKL
2022-05-27,https://boxd.it/2SrBUh
2022-05-27,https://boxd.it/2SrJhd
2022-05-27,https://boxd.it/2SrVw5
2022-05-27,https://boxd.it/2S8inZ
2022-05-27,https://boxd.it/2S2KhD
2022-05-27,https://boxd.it/2RZPtt
2022-05-27,https://boxd.it/2PH8Sh
2022-05-27,https://boxd.it/2S8jnV
2022-05-27,https://boxd.it/2S62Dj
2022-05-27,https://boxd.it/2Ss09Z
2022-05-27,https://boxd.it/2SrW1n
2022-05-28,https://boxd.it/2Ss9jp
2022-05-28,https://boxd.it/2SswGB
2022-05-28,https://boxd.it/1baDWv
2022-05-28,https://boxd.it/2QmvUH
2022-05-29,https://boxd.it/2SDWCx
2022-05-29,https://boxd.it/2Sxm27
2022-05-29,https://boxd.it/2SLnHD
2022-05-29,https://boxd.it/2StBMV
2022-05-30,https://boxd.it/2SsHKJ
2022-05-31,https://boxd.it/2RT8Jh
2022-05-31,https://boxd.it/2SY4Wv
2022-05-31,https://boxd.it/bvsfT
2022-05-31,https://boxd.it/rRcfV
2022-05-31,https://boxd.it/1fMD41
2022-05-31,https://boxd.it/2dZ9Sr
2022-05-31,https://boxd.it/2SeXgn
2022-05-31,https://boxd.it/bnCUh
2022-06-01,https://boxd.it/2TiYM7
2022-06-02,https://boxd.it/2SwEyt
2022-06-02,https://boxd.it/2Th2Dp
2022-06-02,https://boxd.it/2T83yR
2022-06-02,https://boxd.it/2T6X7t
2022-06-02,https://boxd.it/2T7zXR
2022-06-02,https://boxd.it/2T7IFR
2022-06-02,https://boxd.it/2T9gbj
2022-06-02,https://boxd.it/2T6Gpv
2022-06-02,https://boxd.it/2TbMsb
2022-06-02,https://boxd.it/2Tj2xv
2022-06-05,https://boxd.it/2SfaAb
2022-06-06,https://boxd.it/2TBGWh
2022-06-07,https://boxd.it/2TVvXD
2022-06-07,https://boxd.it/2THmFn
2022-06-07,https://boxd.it/2UjeWB
2022-06-10,https://boxd.it/2URB9l
2022-06-11,https://boxd.it/2ULt2f
2022-06-11,https://boxd.it/2V1eoR
2022-06-13,https://boxd.it/2V00mv
2022-06-15,https://boxd.it/2VLFPR
2022-06-15,https://boxd.it/2UU0a3
2022-06-16,https://boxd.it/2VwIoz
2022-06-16,https://boxd.it/2G4mqn
2022-06-16,https://boxd.it/2CAyjB
2022-06-18,https://boxd.it/fNZtB
2022-06-18,https://boxd.it/CpIYB
2022-06-18,https://boxd.it/1tioo7
2022-06-18,https://boxd.it/2Vj4IN
2022-06-18,https://boxd.it/2Uqq1V
2022-06-18,https://boxd.it/2UVzFH
2022-06-18,https://boxd.it/2VTcBH
2022-06-18,https://boxd.it/2V8HON
2022-06-19,https://boxd.it/2Wmqlr
2022-06-19,https://boxd.it/1n6fS5
2022-06-21,https://boxd.it/1CIoF1
2022-06-21,https://boxd.it/1phwLZ
2022-06-21,https://boxd.it/1Elbkh
2022-06-21,https://boxd.it/1RWP8V
2022-06-21,https://boxd.it/1Q0cmp
2022-06-21,https://boxd.it/xSd25
2022-06-21,https://boxd.it/dEY9p
2022-06-21,https://boxd.it/dGSNn
2022-06-21,https://boxd.it/uh41r
2022-06-23,https://boxd.it/2XcyU9
2022-06-23,https://boxd.it/2Ulo0r
2022-06-23,https://boxd.it/2VkTth
2022-06-25,https://boxd.it/64C1D
2022-06-25,https://boxd.it/dl31l
2022-06-26,https://boxd.it/2XFrnF
2022-06-26,https://boxd.it/uS8z7
2022-06-26,https://boxd.it/uS3sb
2022-06-26,https://boxd.it/uY7zR
2022-06-26,https://boxd.it/vBPWD
2022-06-26,https://boxd.it/vujGJ
2022-06-27,https://boxd.it/2XWlSB
2022-06-27,https://boxd.it/2XPurZ
2022-06-27,https://boxd.it/witXb
2022-06-27,https://boxd.it/2uNtIv
2022-06-27,https://boxd.it/niusn
2022-06-28,https://boxd.it/2DZIAV
2022-06-28,https://boxd.it/2Yc2Fl
2022-06-28,https://boxd.it/pw0H9
2022-06-28,https://boxd.it/DasZH
2022-06-28,https://boxd.it/pJJEl
2022-06-28,https://boxd.it/qexwV
2022-06-28,https://boxd.it/2rh8aB
2022-06-28,https://boxd.it/1wYvlP
2022-06-28,https://boxd.it/okT1p
2022-06-28,https://boxd.it/nLlnV
2022-06-28,https://boxd.it/pJjSh
2022-06-28,https://boxd.it/G3jol
2022-06-29,https://boxd.it/twYRJ
2022-06-29,https://boxd.it/thHaD
2022-06-29,https://boxd.it/tKZAR
2022-06-29,https://boxd.it/2Yjgtx
2022-06-29,https://boxd.it/2PW9rV
2022-06-29,https://boxd.it/1odMTX
2022-06-29,https://boxd.it/2UX0q7
2022-06-29,https://boxd.it/2YpXv9
2022-06-30,https://boxd.it/UbVXP
2022-06-30,https://boxd.it/Of2pn
2022-06-30,https://boxd.it/UfRNp
2022-06-30,https://boxd.it/6m0f
2022-06-30,https://boxd.it/1Iwt03
2022-06-30,https://boxd.it/1BPbGb
2022-06-30,https://boxd.it/GtZPb
2022-06-30,https://boxd.it/59KdN
2022-06-30,https://boxd.it/riVkr
2022-06-30,https://boxd.it/1f0fsH
2022-06-30,https://boxd.it/yMbn3
2022-06-30,https://boxd.it/Av5Er
2022-06-30,https://boxd.it/1UptEV
2022-06-30,https://boxd.it/1SfJHD
2022-06-30,https://boxd.it/12fDZ9
2022-06-30,https://boxd.it/1UE6yZ
2022-06-30,https://boxd.it/27xNCD
2022-06-30,https://boxd.it/1SGHCP
2022-06-30,https://boxd.it/2salcb
2022-06-30,https://boxd.it/1B9JM9
2022-06-30,https://boxd.it/2YBqVd
2022-07-02,https://boxd.it/2rvO5h
2022-07-02,https://boxd.it/1OIruj
2022-07-02,https://boxd.it/1PzbPr
2022-07-02,https://boxd.it/Oe7fZ
2022-07-03,https://boxd.it/XRqUr
2022-07-03,https://boxd.it/2WEXJR
2022-07-03,https://boxd.it/2T69Bj
2022-07-03,https://boxd.it/2TVOKD
2022-07-03,https://boxd.it/2XmHaf
2022-07-03,https://boxd.it/2TK90R
2022-07-03,https://boxd.it/2U81Ed
2022-07-03,https://boxd.it/2Z0ILl
2022-07-03,https://boxd.it/kWJ2d
2022-07-03,https://boxd.it/2FHxNr
2022-07-03,https://boxd.it/66lrD
2022-07-03,https://boxd.it/3SLu3
2022-07-03,https://boxd.it/2eFBwn
2022-07-03,https://boxd.it/2bov2F
2022-07-04,https://boxd.it/2xEuIv
2022-07-04,https://boxd.it/2UKu8B
2022-07-04,https://boxd.it/iaREZ
2022-07-04,https://boxd.it/i9NuJ
2022-07-04,https://boxd.it/ibuvx
2022-07-04,https://boxd.it/jVF07
2022-07-04,https://boxd.it/yCcPR
2022-07-04,https://boxd.it/iVCCD
2022-07-04,https://boxd.it/FEm8b
2022-07-04,https://boxd.it/2ZgtGx
2022-07-05,https://boxd.it/2ZnhaD
2022-07-05,https://boxd.it/2R643
2022-07-05,https://boxd.it/1GR0zR
2022-07-05,https://boxd.it/2ACx9V
2022-07-06,https://boxd.it/4Ca9z
2022-07-06,https://boxd.it/TDHMP
2022-07-06,https://boxd.it/ncWiX
2022-07-06,https://boxd.it/1H355r
2022-07-06,https://boxd.it/1TtIiT
2022-07-06,https://boxd.it/2YEOKz
2022-07-06,https://boxd.it/z3IyH
2022-07-06,https://boxd.it/2ZzC5D
2022-07-06,https://boxd.it/tgAJp
2022-07-06,https://boxd.it/hSaUf
2022-07-06,https://boxd.it/TUOqv
2022-07-06,https://boxd.it/1ptint
2022-07-06,https://boxd.it/9AQ1D
2022-07-06,https://boxd.it/10ftn7
2022-07-06,https://boxd.it/2ZEMhJ
2022-07-06,https://boxd.it/1fki65
2022-07-06,https://boxd.it/2XJUF7
2022-07-06,https://boxd.it/PQYsH
2022-07-06,https://boxd.it/1gm2hz
2022-07-06,https://boxd.it/2bU0wD
2022-07-06,https://boxd.it/iamPn
2022-07-06,https://boxd.it/2WHSEX
2022-07-06,https://boxd.it/148pNd
2022-07-06,https://boxd.it/1TVV6x
2022-07-06,https://boxd.it/1Xdg1f
2022-07-06,https://boxd.it/15MGjX
2022-07-06,https://boxd.it/1y1FsB
2022-07-07,https://boxd.it/22rSxB
2022-07-07,https://boxd.it/1MPpBj
2022-07-07,https://boxd.it/1JmLET
2022-07-07,https://boxd.it/1mqhtH
2022-07-07,https://boxd.it/21AZxd
2022-07-07,https://boxd.it/2ZU8Cp
2022-07-08,https://boxd.it/xe3kD
2022-07-09,https://boxd.it/30a0cF
2022-07-09,https://boxd.it/2I4L3r
2022-07-09,https://boxd.it/2OlhAX
2022-07-09,https://boxd.it/2I6XCn
2022-07-09,https://boxd.it/2XvhMF
2022-07-09,https://boxd.it/2OkwHx
2022-07-09,https://boxd.it/2OuE3F
2022-07-11,https://boxd.it/zjKiD
2022-07-11,https://boxd.it/HxtSz
2022-07-11,https://boxd.it/gPuRF
2022-07-11,https://boxd.it/1Q1I2D
2022-07-11,https://boxd.it/r6njl
2022-07-11,https://boxd.it/xzvN1
2022-07-11,https://boxd.it/MA0A3
2022-07-11,https://boxd.it/7fRPJ
2022-07-11,https://boxd.it/2LcJcp
2022-07-11,https://boxd.it/GxWOx
2022-07-12,https://boxd.it/F6uWv
2022-07-12,https://boxd.it/v8VXJ
2022-07-12,https://boxd.it/1d5HSb
2022-07-12,https://boxd.it/J3Lpt
2022-07-12,https://boxd.it/J276z
2022-07-12,https://boxd.it/Ki5lD
2022-07-13,https://boxd.it/30dPTV
2022-07-13,https://boxd.it/2XGctv
2022-07-13,https://boxd.it/30Zni9
2022-07-13,https://boxd.it/2Txybz
2022-07-13,https://boxd.it/2Vl6RB
2022-07-13,https://boxd.it/2Te2bf
2022-07-13,https://boxd.it/2UxdBv
2022-07-13,https://boxd.it/2UjHx1
2022-07-13,https://boxd.it/2TfnJf
2022-07-13,https://boxd.it/2UwsDf
2022-07-13,https://boxd.it/2UPSAp
2022-07-13,https://boxd.it/2UWnLF
2022-07-13,https://boxd.it/1G3pdB
2022-07-13,https://boxd.it/8C5L5
2022-07-13,https://boxd.it/14bU8h
2022-07-13,https://boxd.it/312O2j
2022-07-13,https://boxd.it/9MWZX
2022-07-13,https://boxd.it/I6wJZ
2022-07-14,https://boxd.it/MHMvp
2022-07-15,https://boxd.it/UhkFh
2022-07-15,https://boxd.it/QQCzl
2022-07-15,https://boxd.it/4sHGL
2022-07-15,https://boxd.it/1t1TSt
2022-07-15,https://boxd.it/31iHVj
2022-07-15,https://boxd.it/2hRk27
2022-07-15,https://boxd.it/1hKtpx
2022-07-16,https://boxd.it/31wsXd
2022-07-16,https://boxd.it/31qEuv
2022-07-16,https://boxd.it/2XaVF3
2022-07-16,https://boxd.it/6uS6L
2022-07-16,https://boxd.it/3v9Db
2022-07-16,https://boxd.it/18gafd
2022-07-16,https://boxd.it/17FJAr
2022-07-16,https://boxd.it/WS1j9
2022-07-16,https://boxd.it/187mu7
2022-07-16,https://boxd.it/13aOVB
2022-07-17,https://boxd.it/31QuLN
2022-07-18,https://boxd.it/1O0rKj
2022-07-18,https://boxd.it/14KSmh
2022-07-18,https://boxd.it/1cqWTB
2022-07-18,https://boxd.it/30NaJ3
2022-07-18,https://boxd.it/1iGUjH
2022-07-18,https://boxd.it/1EpL6j
2022-07-18,https://boxd.it/feE1L
2022-07-18,https://boxd.it/2kKCCF
2022-07-18,https://boxd.it/23dbCT
2022-07-18,https://boxd.it/171DJH
2022-07-18,https://boxd.it/2StKCv
2022-07-19,https://boxd.it/195jNv
2022-07-19,https://boxd.it/fczsX
2022-07-19,https://boxd.it/vexxT
2022-07-19,https://boxd.it/huOEX
2022-07-19,https://boxd.it/wHqif
2022-07-19,https://boxd.it/1ZNR5j
2022-07-20,https://boxd.it/jyfi9
2022-07-20,https://boxd.it/2PDbsD
2022-07-20,https://boxd.it/2tzAXb
2022-07-21,https://boxd.it/2LxSWX
2022-07-21,https://boxd.it/2JLDV1
2022-07-21,https://boxd.it/2IIYSH
2022-07-21,https://boxd.it/2VnDLb
2022-07-21,https://boxd.it/2UQ43H
2022-07-21,https://boxd.it/2Hn6RT
2022-07-21,https://boxd.it/30VmKX
2022-07-21,https://boxd.it/2TpFNf
2022-07-21,https://boxd.it/2UR5Wb
2022-07-21,https://boxd.it/2Hus5V
2022-07-21,https://boxd.it/2TI29X
2022-07-22,https://boxd.it/2U8YsF
2022-07-22,https://boxd.it/2Zth0v
2022-07-22,https://boxd.it/2WmSFf
2022-07-22,https://boxd.it/2VzbLV
2022-07-22,https://boxd.it/2V4801
2022-07-22,https://boxd.it/2S8zuj
2022-07-22,https://boxd.it/2R8uwF
2022-07-22,https://boxd.it/32Pnux
2022-07-22,https://boxd.it/63cuR
2022-07-23,https://boxd.it/28Jt6P
2022-07-23,https://boxd.it/2Gimht
2022-07-24,https://boxd.it/1diHFn
2022-07-24,https://boxd.it/1n2TTf
2022-07-24,https://boxd.it/33dLkf
2022-07-24,https://boxd.it/2aHxjH
2022-07-24,https://boxd.it/OCE6T
2022-07-24,https://boxd.it/Oxv37
2022-07-27,https://boxd.it/3stkx
2022-07-27,https://boxd.it/g5FTl
2022-07-27,https://boxd.it/brHrH
2022-07-27,https://boxd.it/FA1ST
2022-07-27,https://boxd.it/hCXpj
2022-07-27,https://boxd.it/fXUzf
2022-07-27,https://boxd.it/1fpLEZ
2022-07-27,https://boxd.it/kBeVJ
2022-07-27,https://boxd.it/eNuXh
2022-07-27,https://boxd.it/nMkxn
2022-07-27,https://boxd.it/2PXtrt
2022-07-27,https://boxd.it/hDCDr
2022-07-27,https://boxd.it/2cHPs1
2022-07-27,https://boxd.it/RVMvd
2022-07-27,https://boxd.it/1ZGIzb
2022-07-27,https://boxd.it/2cCU8F
2022-07-28,https://boxd.it/2WlU9X
2022-07-28,https://boxd.it/2WgL1F
2022-07-28,https://boxd.it/2WKwJx
2022-07-28,https://boxd.it/34mfZR
2022-07-28,https://boxd.it/34l5mX
2022-07-28,https://boxd.it/2Wz8NX
2022-07-28,https://boxd.it/2T4yjv
2022-07-28,https://boxd.it/2Rcp8B
2022-07-28,https://boxd.it/2R1DjB
2022-07-28,https://boxd.it/2SoC8n
2022-07-28,https://boxd.it/2PYokz
2022-07-28,https://boxd.it/2MFiJt
2022-07-28,https://boxd.it/2Kac9T
2022-07-28,https://boxd.it/2K1cfp
2022-07-28,https://boxd.it/2Iy0Ob
2022-07-28,https://boxd.it/2IbILT
2022-07-28,https://boxd.it/2H7oT7
2022-07-28,https://boxd.it/2JKnyX
2022-07-28,https://boxd.it/2IbVS9
2022-07-28,https://boxd.it/2Ivp9L
2022-07-28,https://boxd.it/2Qgltp
2022-07-28,https://boxd.it/2JCnEF
2022-07-28,https://boxd.it/2PuXD7
2022-07-28,https://boxd.it/2IbPU9
2022-07-28,https://boxd.it/2ICiVd
2022-07-28,https://boxd.it/34pvh3
2022-07-28,https://boxd.it/2HilaP
2022-07-28,https://boxd.it/2On1Vf
2022-07-28,https://boxd.it/2L6uT7
2022-07-29,https://boxd.it/34BXKh
2022-07-30,https://boxd.it/34MwKL
2022-07-30,https://boxd.it/34JRDF
2022-07-30,https://boxd.it/34NKgd
2022-07-30,https://boxd.it/PnpM5
2022-07-30,https://boxd.it/32zuy5
2022-07-30,https://boxd.it/hQTsL
2022-07-30,https://boxd.it/mXv7N
2022-08-01,https://boxd.it/2QN1Rn
2022-08-04,https://boxd.it/35HW7f
2022-08-04,https://boxd.it/sLsgx
2022-08-08,https://boxd.it/36EImX
2022-08-14,https://boxd.it/373Gf1
2022-08-14,https://boxd.it/36NXSH
2022-08-14,https://boxd.it/36s4Mx
2022-08-14,https://boxd.it/36tcKB
2022-08-14,https://boxd.it/36f5PL
2022-08-14,https://boxd.it/36jgz3
2022-08-14,https://boxd.it/OkNEp
2022-08-14,https://boxd.it/wXKud
2022-08-14,https://boxd.it/wqwJx
2022-08-14,https://boxd.it/wzWUf
2022-08-14,https://boxd.it/1Tscnb
2022-08-14,https://boxd.it/371kMj
2022-08-14,https://boxd.it/35xyBb
2022-08-15,https://boxd.it/38b3ur
2022-08-15,https://boxd.it/14r0P7
2022-08-15,https://boxd.it/37MPjL
2022-08-16,https://boxd.it/378YR3
2022-08-16,https://boxd.it/38lbMD
2022-08-16,https://boxd.it/36jbJd
2022-08-16,https://boxd.it/368pSL
2022-08-16,https://boxd.it/38rV0n
2022-08-16,https://boxd.it/38qlZn
2022-08-17,https://boxd.it/38IOzT
2022-08-19,https://boxd.it/38UJxn
2022-08-19,https://boxd.it/38T0qT
2022-08-22,https://boxd.it/39tDAP
2022-08-22,https://boxd.it/38PcKD
2022-08-22,https://boxd.it/vBx8F
2022-08-22,https://boxd.it/2R6F3P
2022-08-22,https://boxd.it/2S6BTL
2022-08-22,https://boxd.it/2RCfX7
2022-08-22,https://boxd.it/2RmwEp
2022-08-22,https://boxd.it/2RYH7n
2022-08-22,https://boxd.it/2R90Oh
2022-08-22,https://boxd.it/2RgpEZ
2022-08-22,https://boxd.it/2RMWlF
2022-08-22,https://boxd.it/2ReL9v
2022-08-22,https://boxd.it/2WBPkN
2022-08-22,https://boxd.it/2RjAFv
2022-08-22,https://boxd.it/2REvaJ
2022-08-22,https://boxd.it/2Rhh13
2022-08-22,https://boxd.it/2Rfh9H
2022-08-22,https://boxd.it/2RcIlp
2022-08-22,https://boxd.it/2SjnRR
2022-08-22,https://boxd.it/2Rdp9B
2022-08-22,https://boxd.it/2RhtMZ
2022-08-22,https://boxd.it/2Rfhs5
2022-08-22,https://boxd.it/2RPLGN
2022-08-22,https://boxd.it/2Unl9T
2022-08-22,https://boxd.it/2RnsZZ
2022-08-22,https://boxd.it/2RhCIn
2022-08-22,https://boxd.it/2RfhPj
2022-08-22,https://boxd.it/2RlTuF
2022-08-22,https://boxd.it/2RhFKV
2022-08-22,https://boxd.it/2Rh5GD
2022-08-22,https://boxd.it/2RbxsR
2022-08-22,https://boxd.it/2RjYBR
2022-08-22,https://boxd.it/2Rfigz
2022-08-22,https://boxd.it/BDyXR
2022-08-22,https://boxd.it/9LsxH
2022-08-23,https://boxd.it/1RAC6X
2022-08-23,https://boxd.it/1RsUw9
2022-08-23,https://boxd.it/1RpdxH
2022-08-23,https://boxd.it/1RwtXF
2022-08-23,https://boxd.it/30OBL3
2022-08-23,https://boxd.it/1RpsBJ
2022-08-23,https://boxd.it/1RsGdH
2022-08-23,https://boxd.it/1Ucg6F
2022-08-24,https://boxd.it/lZJ8F
2022-08-24,https://boxd.it/1unNmz
2022-08-24,https://boxd.it/1BVvbJ
2022-08-26,https://boxd.it/1S2LUj
2022-08-26,https://boxd.it/2SqX8R
2022-08-26,https://boxd.it/1RvtuB
2022-08-26,https://boxd.it/1Ru0ch
2022-08-26,https://boxd.it/1St4kB
2022-08-26,https://boxd.it/2TyCaH
2022-08-26,https://boxd.it/1RvjT7
2022-08-26,https://boxd.it/1RDK7Z
2022-08-26,https://boxd.it/1SxS2P
2022-08-26,https://boxd.it/1RvvVz
2022-08-26,https://boxd.it/1RtlxD
2022-08-26,https://boxd.it/1Rwk2P
2022-08-26,https://boxd.it/359Qvd
2022-08-26,https://boxd.it/1SwcA9
2022-08-27,https://boxd.it/2HdHhj
2022-08-28,https://boxd.it/2G61hN
2022-08-28,https://boxd.it/gTOx9
2022-08-28,https://boxd.it/1aXRlH
2022-08-28,https://boxd.it/h64Op
2022-08-28,https://boxd.it/BllAz
2022-08-28,https://boxd.it/16ROWd
2022-08-28,https://boxd.it/rf9WB
2022-08-28,https://boxd.it/1dHUy5
2022-08-28,https://boxd.it/yRrxX
2022-08-29,https://boxd.it/2eB93z
2022-08-29,https://boxd.it/2GNZ7f
2022-08-29,https://boxd.it/wBQ2Z
2022-09-01,https://boxd.it/39qdXd
2022-09-01,https://boxd.it/3bqrxB
2022-09-01,https://boxd.it/36IvDp
2022-09-01,https://boxd.it/32P8E3
2022-09-01,https://boxd.it/32twht
2022-09-01,https://boxd.it/33DQhx
2022-09-01,https://boxd.it/38YIvj
2022-09-01,https://boxd.it/3asx25
2022-09-01,https://boxd.it/3ak5OT
2022-09-01,https://boxd.it/33ybxf
2022-09-01,https://boxd.it/333tU5
2022-09-02,https://boxd.it/3bxs8L
2022-09-08,https://boxd.it/3bC02l
2022-09-11,https://boxd.it/4O9KN
2022-09-11,https://boxd.it/3deTLb
2022-09-16,https://boxd.it/3cWtxr
2022-09-16,https://boxd.it/3cCOft
2022-09-16,https://boxd.it/3dW5Rr
2022-09-16,https://boxd.it/3dgMnF
2022-09-19,https://boxd.it/3eP6oF
2022-09-21,https://boxd.it/pf3ON
2022-09-21,https://boxd.it/1pLt6T
2022-09-21,https://boxd.it/lpKyd
2022-09-21,https://boxd.it/4svyZ
2022-09-29,https://boxd.it/1j5Qdl
2022-09-29,https://boxd.it/1oRgRZ
2022-10-09,https://boxd.it/3iUnmd
2022-10-09,https://boxd.it/3iHi3J
2022-10-09,https://boxd.it/3idK4v
2022-10-09,https://boxd.it/2aqOhJ
2022-10-09,https://boxd.it/2ahDkf
2022-10-09,https://boxd.it/2anpHr
2022-10-09,https://boxd.it/2atKuP
2022-10-10,https://boxd.it/2a10EN
2022-10-10,https://boxd.it/2am9Op
2022-10-10,https://boxd.it/10lXJz
2022-10-10,https://boxd.it/3j6UBf
2022-10-11,https://boxd.it/3gdH7D
2022-10-19,https://boxd.it/3l18lr
2022-10-29,https://boxd.it/35H4Vb
2022-10-29,https://boxd.it/33DUzP
2022-10-29,https://boxd.it/3630WX
2022-10-29,https://boxd.it/35GLiJ
2022-10-29,https://boxd.it/35Ijgz
2022-10-29,https://boxd.it/35mKUn
2022-10-29,https://boxd.it/36leJf
2022-10-29,https://boxd.it/35HN6n
2022-10-29,https://boxd.it/3artr9
2022-10-30,https://boxd.it/3fYOfT
2022-10-30,https://boxd.it/36LfDT
2022-10-30,https://boxd.it/32Z9Xb
2022-10-30,https://boxd.it/364ZdL
2022-10-30,https://boxd.it/365cVr
2022-10-30,https://boxd.it/35CVVD
2022-10-30,https://boxd.it/36MIJ9
2022-11-03,https://boxd.it/3o9EOX
2022-11-03,https://boxd.it/3ofa3T
2022-11-09,https://boxd.it/3pfEmb
2022-11-11,https://boxd.it/3pUSaP
2022-11-14,https://boxd.it/3qzTVf
2022-11-14,https://boxd.it/l8cIT
2022-11-14,https://boxd.it/ux2sx
2022-11-14,https://boxd.it/v933f
2022-11-14,https://boxd.it/aEGf3
2022-11-14,https://boxd.it/qxKWF
2022-11-14,https://boxd.it/h9TgT
2022-11-14,https://boxd.it/xTTE3
2022-11-14,https://boxd.it/hzL93
2022-11-14,https://boxd.it/z3gTn
2022-11-14,https://boxd.it/2aY1GX
2022-11-14,https://boxd.it/1xUr47
2022-11-14,https://boxd.it/iunhr
2022-11-14,https://boxd.it/utQgD
2022-11-14,https://boxd.it/jIErP
2022-12-15,https://boxd.it/yLYy3
2022-12-15,https://boxd.it/uSiID
2022-12-22,https://boxd.it/b58jT
2022-12-22,https://boxd.it/1hqJ2p
2022-12-22,https://boxd.it/NiubP
2022-12-22,https://boxd.it/yEFVj
2022-12-22,https://boxd.it/g32IT
2022-12-22,https://boxd.it/aNgS7
2022-12-22,https://boxd.it/cROoB
2022-12-22,https://boxd.it/ccacD
2022-12-22,https://boxd.it/HR19h
2022-12-22,https://boxd.it/1W9Awb
2022-12-27,https://boxd.it/3xihKn
2022-12-27,https://boxd.it/1ChqrL
2022-12-28,https://boxd.it/3yT2wX
2022-12-28,https://boxd.it/3yiCBZ
2022-12-28,https://boxd.it/3AXLIF
2022-12-29,https://boxd.it/ekr1L
2022-12-29,https://boxd.it/1Mbb8R
2022-12-29,https://boxd.it/2Wq3M3
2022-12-29,https://boxd.it/3kETeh
2022-12-29,https://boxd.it/3u3u8p
2022-12-29,https://boxd.it/3sChQP
2022-12-29,https://boxd.it/3ttDEn
2022-12-29,https://boxd.it/3qHkQP
2022-12-31,https://boxd.it/3pW2nh
2022-12-31,https://boxd.it/3rQAWV
2022-12-31,https://boxd.it/3vVarD
2022-12-31,https://boxd.it/3yFyVd
2022-12-31,https://boxd.it/3vUDA3
2022-12-31,https://boxd.it/19hnZJ
2023-01-02,https://boxd.it/q0Y5T
2023-01-02,https://boxd.it/tHqrf
2023-01-02,https://boxd.it/FY7M1
2023-01-02,https://boxd.it/1VBbgz
2023-01-02,https://boxd.it/1flYJF
2023-01-02,https://boxd.it/I9eDv
2023-01-03,https://boxd.it/3CY9av
2023-01-03,https://boxd.it/3DgP2J
2023-01-03,https://boxd.it/3itn6F
2023-01-03,https://boxd.it/3omHLX
2023-01-03,https://boxd.it/3gMaZ3
2023-01-03,https://boxd.it/3i5lpR
2023-01-03,https://boxd.it/3fuiux
2023-01-03,https://boxd.it/3nWyg5
2023-01-03,https://boxd.it/3hRdTV
2023-01-11,https://boxd.it/3GqD0j
2023-01-17,https://boxd.it/3HuMYT
2023-01-18,https://boxd.it/3Fdhl5
2023-01-18,https://boxd.it/3yV8Wr
2023-01-18,https://boxd.it/3FTswd
2023-01-18,https://boxd.it/3fGJQf
2023-01-18,https://boxd.it/3EhqX7
2023-01-18,https://boxd.it/3yWAAl
2023-01-18,https://boxd.it/3yYQnB
2023-01-18,https://boxd.it/3FDyRz
2023-01-18,https://boxd.it/3GrzRP
2023-01-18,https://boxd.it/3wC93r
2023-01-18,https://boxd.it/3FmSiP
2023-01-18,https://boxd.it/3yW8or
2023-01-18,https://boxd.it/2GwrXn
2023-01-18,https://boxd.it/3CQTC5
2023-01-18,https://boxd.it/3BpAmT
2023-01-19,https://boxd.it/3FaX9T
2023-01-19,https://boxd.it/3DGA7r
2023-01-19,https://boxd.it/3mLKGX
2023-01-19,https://boxd.it/3r7cKV
2023-01-23,https://boxd.it/1AMhsJ
2023-01-23,https://boxd.it/1AMhPj
2023-01-23,https://boxd.it/1Bd5vv
2023-01-23,https://boxd.it/1ARakN
2023-01-23,https://boxd.it/J3ICT
2023-01-23,https://boxd.it/JiTPp
2023-01-23,https://boxd.it/JnKML
2023-01-23,https://boxd.it/JbhHD
2023-01-23,https://boxd.it/JAuNf
2023-01-23,https://boxd.it/K0WhX
2023-01-24,https://boxd.it/1zzS7X
2023-01-24,https://boxd.it/2LQXPv
2023-01-24,https://boxd.it/aDo6P
2023-01-26,https://boxd.it/3LcsxN
2023-01-26,https://boxd.it/m8KHJ
2023-01-26,https://boxd.it/ilOhb
2023-01-28,https://boxd.it/3LJix5
2023-01-28,https://boxd.it/3LPrjD
2023-01-28,https://boxd.it/1nIvrZ
2023-01-28,https://boxd.it/13fZAp
2023-01-29,https://boxd.it/3xGDkp
2023-01-31,https://boxd.it/3ecTOz
2023-01-31,https://boxd.it/3cpkZP
2023-01-31,https://boxd.it/3lJSBt
2023-01-31,https://boxd.it/3GZrsv
2023-01-31,https://boxd.it/3MSS8H
2023-01-31,https://boxd.it/3gQwaf
2023-01-31,https://boxd.it/3jW1Jn
2023-01-31,https://boxd.it/3m85Nv
2023-01-31,https://boxd.it/3lBfM7
2023-01-31,https://boxd.it/3x9ON7
2023-01-31,https://boxd.it/3eL8t5
2023-01-31,https://boxd.it/3DrZ5l
2023-01-31,https://boxd.it/3g0agh
2023-01-31,https://boxd.it/3ALM27
2023-01-31,https://boxd.it/3yA44X
2023-02-01,https://boxd.it/1NewD7
2023-02-05,https://boxd.it/1qCfNF
2023-02-12,https://boxd.it/3Q7jtd
2023-02-13,https://boxd.it/3QFmaV
2023-02-13,https://boxd.it/3ge1dh
2023-02-17,https://boxd.it/2ITpnh
2023-02-18,https://boxd.it/3RVkhL
2023-02-22,https://boxd.it/1BMqJt
2023-02-22,https://boxd.it/sT5Iz
2023-02-27,https://boxd.it/3UxS6B
2023-02-27,https://boxd.it/3UQYrX
2023-03-01,https://boxd.it/3Vh8Wj
2023-03-01,https://boxd.it/3TVIZ1
2023-03-01,https://boxd.it/3PAkhB
2023-03-01,https://boxd.it/3Tzu3D
2023-03-01,https://boxd.it/3QUCe5
2023-03-07,https://boxd.it/xvMTd
2023-03-07,https://boxd.it/xQNCf
2023-03-08,https://boxd.it/1kDR9h
2023-03-08,https://boxd.it/uCuIt
2023-03-08,https://boxd.it/1zGZ7T
2023-03-10,https://boxd.it/3XChuN
2023-03-10,https://boxd.it/3XAp5d
2023-03-18,https://boxd.it/3ZSQJt
2023-03-18,https://boxd.it/3ZQPtF
2023-03-18,https://boxd.it/3ZKkAN
2023-03-20,https://boxd.it/40exqL
2023-03-20,https://boxd.it/1tczPB
2023-03-20,https://boxd.it/TMTgT
2023-03-20,https://boxd.it/1P1tyF
2023-03-22,https://boxd.it/3ZV7ij
2023-03-27,https://boxd.it/pgrBP
2023-03-27,https://boxd.it/monH9
2023-03-27,https://boxd.it/m4I5F
2023-03-27,https://boxd.it/n7Tq5
2023-03-27,https://boxd.it/oqlr1
2023-03-27,https://boxd.it/puMmz
2023-03-27,https://boxd.it/nrhrp
2023-03-27,https://boxd.it/mqeit
2023-03-27,https://boxd.it/mwyKJ
2023-03-27,https://boxd.it/2QVADr
2023-03-27,https://boxd.it/nt7aH
2023-03-27,https://boxd.it/mVQ6R
2023-03-27,https://boxd.it/rbR3d
2023-03-27,https://boxd.it/m63a9
2023-03-27,https://boxd.it/nu9zr
2023-03-27,https://boxd.it/oLc1v
2023-03-27,https://boxd.it/42l9E7
2023-03-28,https://boxd.it/42wiZb
2023-03-28,https://boxd.it/2KsffV
2023-03-28,https://boxd.it/3kXIdP
2023-03-28,https://boxd.it/3vZhnV
2023-03-28,https://boxd.it/3vISTF
2023-04-01,https://boxd.it/43p3gv
2023-04-02,https://boxd.it/41csZB
2023-04-02,https://boxd.it/41svin
2023-04-02,https://boxd.it/423gY3
2023-04-02,https://boxd.it/41xth3
2023-04-04,https://boxd.it/44q2WB
2023-04-06,https://boxd.it/1pSVtl
2023-04-07,https://boxd.it/1Dmi4t
2023-04-07,https://boxd.it/2rF0ID
2023-04-11,https://boxd.it/46bcFD
2023-04-12,https://boxd.it/1IxEgX
2023-04-12,https://boxd.it/1zyfWb
2023-04-12,https://boxd.it/2NikYt
2023-04-14,https://boxd.it/47gxEb
2023-04-14,https://boxd.it/3bVlDb
2023-04-14,https://boxd.it/1URC5V
2023-04-14,https://boxd.it/1fgclb
2023-04-14,https://boxd.it/1FiO8H
2023-04-14,https://boxd.it/TAqIP
2023-04-14,https://boxd.it/yhDKn
2023-04-14,https://boxd.it/u5PgJ
2023-04-14,https://boxd.it/1tRZoN
2023-04-15,https://boxd.it/47qITB
2023-04-16,https://boxd.it/44PxuX
2023-04-16,https://boxd.it/44T8Sj
2023-04-16,https://boxd.it/43YSXZ
2023-04-20,https://boxd.it/pzThB
2023-04-20,https://boxd.it/tcjjL
2023-04-20,https://boxd.it/NlsOB
2023-04-20,https://boxd.it/sU7zV
2023-04-20,https://boxd.it/w9IqD
2023-04-20,https://boxd.it/1YhHlj
2023-04-22,https://boxd.it/jkoGV
2023-04-22,https://boxd.it/1HAg09
2023-04-22,https://boxd.it/juuSj
2023-04-22,https://boxd.it/2at5qn
2023-04-22,https://boxd.it/22FVB5
2023-04-22,https://boxd.it/3IZ3Q7
2023-04-22,https://boxd.it/RYkHr
2023-04-22,https://boxd.it/kmxBD
2023-04-23,https://boxd.it/2lBUXR
2023-04-23,https://boxd.it/1iR52R
2023-04-23,https://boxd.it/1Ape8Z
2023-04-23,https://boxd.it/1XRVdV
2023-04-23,https://boxd.it/ks4wB
2023-04-23,https://boxd.it/jwqNN
2023-04-23,https://boxd.it/1bUH6P
2023-04-23,https://boxd.it/1TwCwh
2023-04-23,https://boxd.it/1E6iJX
2023-04-23,https://boxd.it/2fh6Yr
2023-04-23,https://boxd.it/Pl8yh
2023-04-25,https://boxd.it/4ad62b
2023-04-25,https://boxd.it/4aeIst
2023-04-26,https://boxd.it/4asyZ1
2023-04-26,https://boxd.it/1mf9eH
2023-04-27,https://boxd.it/p41p5
2023-04-27,https://boxd.it/46Z12b
2023-04-27,https://boxd.it/2xZlcx
2023-04-27,https://boxd.it/1N6Xd5
2023-04-27,https://boxd.it/4aJqSP
2023-04-28,https://boxd.it/45D8ZL
2023-04-28,https://boxd.it/445uaj
2023-04-28,https://boxd.it/44Pwzd
2023-04-28,https://boxd.it/43YsST
2023-04-28,https://boxd.it/4aVUud
2023-04-28,https://boxd.it/4aVTo9
2023-04-28,https://boxd.it/4838KB
2023-04-29,https://boxd.it/4aXcR7
2023-04-29,https://boxd.it/4bkeRT
2023-04-30,https://boxd.it/2glBy7
2023-04-30,https://boxd.it/Mv6iz
2023-04-30,https://boxd.it/11XYRf
2023-04-30,https://boxd.it/1IUNX3
2023-04-30,https://boxd.it/1eglZb
2023-04-30,https://boxd.it/jUaY9
2023-04-30,https://boxd.it/hPVJx
2023-04-30,https://boxd.it/1QqLfP
2023-04-30,https://boxd.it/4bBQNf
2023-04-30,https://boxd.it/EwABL
2023-05-02,https://boxd.it/4cc2YV
2023-05-04,https://boxd.it/4cuuQV
2023-05-05,https://boxd.it/267GRP
2023-05-05,https://boxd.it/14sYwL
2023-05-05,https://boxd.it/ZNaLX
2023-05-06,https://boxd.it/4d5xZl
2023-05-12,https://boxd.it/4eAnON
2023-05-12,https://boxd.it/4eHqch
2023-05-13,https://boxd.it/3lee1
2023-05-13,https://boxd.it/4eITeN
2023-05-13,https://boxd.it/4dVOfN
2023-05-13,https://boxd.it/1OSUQX
2023-05-14,https://boxd.it/4eYVc7
2023-05-14,https://boxd.it/p6xyd
2023-05-14,https://boxd.it/p2gsp
2023-05-14,https://boxd.it/4feCBT
2023-05-27,https://boxd.it/3OwOYN
2023-05-27,https://boxd.it/3O3Mbr
2023-05-27,https://boxd.it/4ijnpl
2023-06-02,https://boxd.it/4jKOhL
2023-06-09,https://boxd.it/24A3JR
2023-06-09,https://boxd.it/1TkIpR
2023-06-11,https://boxd.it/1ePMGb
2023-06-11,https://boxd.it/il7EV
2023-06-11,https://boxd.it/vQL8J
2023-06-14,https://boxd.it/4na5pf
2023-06-23,https://boxd.it/gkbmV
2023-06-23,https://boxd.it/1gQd5f
2023-06-23,https://boxd.it/ofz7n
2023-06-24,https://boxd.it/2H51cF
2023-06-24,https://boxd.it/4pUesd
2023-06-28,https://boxd.it/kG5Zx
2023-06-28,https://boxd.it/jcET1
2023-06-28,https://boxd.it/5p5jH
2023-06-28,https://boxd.it/3ZpYk9
2023-06-28,https://boxd.it/3Zbdtv
2023-06-28,https://boxd.it/41mDCX
2023-06-29,https://boxd.it/4rlfSf
2023-06-29,https://boxd.it/4ra7bZ
2023-06-29,https://boxd.it/4r2jL5
2023-06-29,https://boxd.it/4qT25t
2023-06-29,https://boxd.it/4qOhTD
2023-06-29,https://boxd.it/4qzaFp
2023-07-05,https://boxd.it/4tls8x
2023-07-06,https://boxd.it/4ttNTb
2023-07-12,https://boxd.it/4vng6h
2023-07-15,https://boxd.it/4t8awP
2023-07-15,https://boxd.it/4slzsv
2023-07-15,https://boxd.it/4vuzvp
2023-07-15,https://boxd.it/4rUtJL
2023-07-15,https://boxd.it/4s2OP7
2023-07-15,https://boxd.it/4rT8kX
2023-07-15,https://boxd.it/4rQuZR
2023-07-18,https://boxd.it/4xamNt
2023-07-19,https://boxd.it/omgvz
2023-07-19,https://boxd.it/lEWlP
2023-07-19,https://boxd.it/kSs6z
2023-07-19,https://boxd.it/mZFNN
2023-07-19,https://boxd.it/o7AK5
2023-07-19,https://boxd.it/oOhWd
2023-07-19,https://boxd.it/Nlr8T
2023-07-19,https://boxd.it/1YPHtF
2023-07-19,https://boxd.it/4xtfjp
2023-07-20,https://boxd.it/PeHXd
2023-07-20,https://boxd.it/SfJNN
2023-07-20,https://boxd.it/OmR3B
2023-07-20,https://boxd.it/26wvnT
2023-07-20,https://boxd.it/WK3aH
2023-07-20,https://boxd.it/XVp8z
2023-07-20,https://boxd.it/VgZD9
2023-07-20,https://boxd.it/20BfLh
2023-07-20,https://boxd.it/2v0K5B
2023-07-20,https://boxd.it/U3XET
2023-07-20,https://boxd.it/V1HWn
2023-07-20,https://boxd.it/4xdRcJ
2023-07-20,https://boxd.it/4vdVij
2023-07-20,https://boxd.it/4vkgpH
2023-07-21,https://boxd.it/4hLuk5
2023-07-21,https://boxd.it/4pIyWD
2023-07-21,https://boxd.it/4jOUWX
2023-07-21,https://boxd.it/4nMxz9
2023-07-21,https://boxd.it/4hLLoj
2023-07-21,https://boxd.it/4nMkIn
2023-07-22,https://boxd.it/4y7E0R
2023-07-22,https://boxd.it/4xPfiP
2023-07-22,https://boxd.it/4vMboF
2023-07-22,https://boxd.it/4vbQSn
2023-07-22,https://boxd.it/4yvPlJ
2023-07-22,https://boxd.it/4ycXpr
2023-07-22,https://boxd.it/4ywJ4z
2023-07-22,https://boxd.it/4xYZDH
2023-07-23,https://boxd.it/4yS3mP
2023-07-23,https://boxd.it/4xZLHH
2023-07-23,https://boxd.it/4xZChv
2023-07-23,https://boxd.it/4yMIS1
2023-07-23,https://boxd.it/154GNP
2023-07-23,https://boxd.it/1k9ya1
2023-07-23,https://boxd.it/4yWGJr
2023-07-23,https://boxd.it/4vm74T
2023-07-23,https://boxd.it/4xQg5f
2023-07-24,https://boxd.it/3itH2t
2023-07-24,https://boxd.it/pKClD
2023-07-24,https://boxd.it/l2SOn
2023-07-24,https://boxd.it/t4kOp
2023-07-24,https://boxd.it/4zpyp7
2023-07-24,https://boxd.it/4zs7Z9
2023-07-26,https://boxd.it/1dnxW9
2023-07-27,https://boxd.it/4ALKZT
2023-07-28,https://boxd.it/4B46it
2023-07-28,https://boxd.it/4nJeYX
2023-07-29,https://boxd.it/4BdjR5
2023-07-29,https://boxd.it/4Bubhx
2023-07-30,https://boxd.it/4BP6Nv
2023-07-30,https://boxd.it/1ElMZ7
2023-07-30,https://boxd.it/3jIoop
2023-07-30,https://boxd.it/2i4sP3
2023-07-30,https://boxd.it/1sTKxv
2023-07-31,https://boxd.it/4BV3zd
2023-07-31,https://boxd.it/3fKgbl
2023-07-31,https://boxd.it/2QXg5
2023-08-02,https://boxd.it/aHZqF
2023-08-02,https://boxd.it/fx4Sx
2023-08-02,https://boxd.it/aUTnV
2023-08-02,https://boxd.it/fQ101
2023-08-02,https://boxd.it/2lmuOp
2023-08-02,https://boxd.it/bQE8R
2023-08-02,https://boxd.it/1aDiyr
2023-08-02,https://boxd.it/kKxfb
2023-08-02,https://boxd.it/9TYil
2023-08-02,https://boxd.it/aDY1r
2023-08-02,https://boxd.it/1tutU7
2023-08-02,https://boxd.it/1kvvHb
2023-08-03,https://boxd.it/4ybQI5
2023-08-03,https://boxd.it/4yvkwh
2023-08-03,https://boxd.it/4xw8PT
2023-08-03,https://boxd.it/4xxpv9
2023-08-03,https://boxd.it/4yqQlZ
2023-08-04,https://boxd.it/R4y3D
2023-08-04,https://boxd.it/4Djwgh
2023-08-04,https://boxd.it/4DFCKL
2023-08-04,https://boxd.it/4xEm6f
2023-08-04,https://boxd.it/4y2ztz
2023-08-04,https://boxd.it/4yrhj7
2023-08-04,https://boxd.it/4xLRzB
2023-08-04,https://boxd.it/4zlrd1
2023-08-05,https://boxd.it/4DVUbr
2023-08-05,https://boxd.it/2cjgPr
2023-08-05,https://boxd.it/TBXN1
2023-08-05,https://boxd.it/JH55r
2023-08-05,https://boxd.it/4E99Ep
2023-08-05,https://boxd.it/4Br65Z
2023-08-05,https://boxd.it/4z0vd3
2023-08-05,https://boxd.it/2Od1pN
2023-08-05,https://boxd.it/1pD4Ev
2023-08-06,https://boxd.it/4EjpqX
2023-08-06,https://boxd.it/3ZkL9H
2023-08-09,https://boxd.it/3bOsd1
2023-08-09,https://boxd.it/LW9zt
2023-08-09,https://boxd.it/1ef8JH
2023-08-09,https://boxd.it/1bPC4z
2023-08-09,https://boxd.it/41yjG5
2023-08-09,https://boxd.it/40QYU5
2023-08-09,https://boxd.it/3ZmScH
2023-08-09,https://boxd.it/41ZFjr
2023-08-09,https://boxd.it/40VEnZ
2023-08-09,https://boxd.it/43cqyV
2023-08-10,https://boxd.it/4FAWCb
2023-08-10,https://boxd.it/4FENvD
2023-08-10,https://boxd.it/4FEgA1
2023-08-11,https://boxd.it/4G3WLZ
2023-08-11,https://boxd.it/4G6Rt3
2023-08-12,https://boxd.it/4G9yN5
2023-08-13,https://boxd.it/2eVLNF
2023-08-13,https://boxd.it/BFiQz
2023-08-13,https://boxd.it/aRdQP
2023-08-13,https://boxd.it/xRXp3
2023-08-13,https://boxd.it/4GvBfp
2023-08-14,https://boxd.it/4GKm6n
2023-08-14,https://boxd.it/4H4gZL
2023-08-14,https://boxd.it/4GZpVX
2023-08-15,https://boxd.it/3jxEDD
2023-08-15,https://boxd.it/3jBfKn
2023-08-15,https://boxd.it/2QMgD
2023-08-16,https://boxd.it/4HzOy7
2023-08-16,https://boxd.it/4HH8uN
2023-08-22,https://boxd.it/1LIynR
2023-08-22,https://boxd.it/4Jpv7z
2023-08-25,https://boxd.it/4KaBlV
2023-08-25,https://boxd.it/4KcQr9
2023-08-28,https://boxd.it/4KWGy7
2023-09-05,https://boxd.it/SlPGl
2023-09-06,https://boxd.it/4O5SaB
2023-09-07,https://boxd.it/4OlH79
2023-09-08,https://boxd.it/4OE64b
2023-09-08,https://boxd.it/4OLdYz
2023-09-08,https://boxd.it/1c79pz
2023-09-08,https://boxd.it/1mzz57
2023-09-08,https://boxd.it/3wPXol
2023-09-08,https://boxd.it/2XeGER
2023-09-08,https://boxd.it/4ualtl
2023-09-09,https://boxd.it/4OH6CD
2023-09-12,https://boxd.it/1lYvov
2023-09-12,https://boxd.it/11hUFF
2023-09-12,https://boxd.it/1AVT7H
2023-09-12,https://boxd.it/4PSsOH
2023-09-12,https://boxd.it/2k4TVF
2023-09-12,https://boxd.it/2hlrRd
2023-09-13,https://boxd.it/4MO6jn
2023-09-15,https://boxd.it/1htOsN
2023-09-16,https://boxd.it/47jV8J
2023-09-16,https://boxd.it/42SxIN
2023-09-16,https://boxd.it/43elFh
2023-09-16,https://boxd.it/4IvFPf
2023-09-16,https://boxd.it/4C2QWT
2023-09-16,https://boxd.it/43WK0r
2023-09-16,https://boxd.it/44LWBh
2023-09-16,https://boxd.it/44MoF7
2023-09-16,https://boxd.it/483KL3
2023-09-16,https://boxd.it/4QT06j
2023-09-17,https://boxd.it/4R1lhj
2023-09-17,https://boxd.it/4PfM8N
2023-09-17,https://boxd.it/4R2x7H
2023-09-17,https://boxd.it/1T78Sd
2023-09-17,https://boxd.it/5iQOt
2023-09-17,https://boxd.it/2chCUJ
2023-09-17,https://boxd.it/2Mpam5
2023-09-17,https://boxd.it/OnwxR
2023-09-17,https://boxd.it/1NaKO1
2023-09-17,https://boxd.it/UQy3B
2023-09-17,https://boxd.it/2GFqML
2023-09-17,https://boxd.it/OVEcb
2023-09-17,https://boxd.it/3P5fGz
2023-09-17,https://boxd.it/RGEBd
2023-09-17,https://boxd.it/4wBGWv
2023-09-17,https://boxd.it/4R4KhJ
2023-09-17,https://boxd.it/4R635J
2023-09-17,https://boxd.it/4R6nup
2023-09-17,https://boxd.it/4R8lfr
2023-09-17,https://boxd.it/1mndsf
2023-09-17,https://boxd.it/11hL0N
2023-09-17,https://boxd.it/1fB7YJ
2023-09-17,https://boxd.it/4vLH4b
2023-09-17,https://boxd.it/QuJU7
2023-09-17,https://boxd.it/4RbR39
2023-09-17,https://boxd.it/4RbOLd
2023-09-17,https://boxd.it/4RkR8L
2023-09-18,https://boxd.it/4RmsuV
2023-09-18,https://boxd.it/10DGFh
2023-09-18,https://boxd.it/1STLuh
2023-09-18,https://boxd.it/10IUzH
2023-09-18,https://boxd.it/3pME8f
2023-09-18,https://boxd.it/FA1bP
2023-09-18,https://boxd.it/1ojxMT
2023-09-18,https://boxd.it/1KFbbX
2023-09-18,https://boxd.it/2cBM07
2023-09-18,https://boxd.it/4rzzPt
2023-09-18,https://boxd.it/4RnCXv
2023-09-18,https://boxd.it/4Rq1Al
2023-09-18,https://boxd.it/3cLmCR
2023-09-18,https://boxd.it/1NhWaV
2023-09-18,https://boxd.it/3KXA2X
2023-09-18,https://boxd.it/1nq3X3
2023-09-18,https://boxd.it/h1vbp
2023-09-18,https://boxd.it/z483P
2023-09-18,https://boxd.it/yQRKV
2023-09-18,https://boxd.it/yPDiL
2023-09-18,https://boxd.it/yPz5j
2023-09-19,https://boxd.it/4RSPp9
2023-09-19,https://boxd.it/4RRN89
2023-09-20,https://boxd.it/4S5IOR
2023-09-21,https://boxd.it/1coegV
2023-09-21,https://boxd.it/1q8Cj
2023-09-21,https://boxd.it/6HUn1
2023-09-21,https://boxd.it/XEngn
2023-09-22,https://boxd.it/4SsWTn
2023-09-22,https://boxd.it/4SF4eL
2023-09-22,https://boxd.it/3Fi0O5
2023-09-22,https://boxd.it/3MtBgT
2023-09-22,https://boxd.it/4SGfNJ
2023-09-22,https://boxd.it/4SvPTL
2023-09-24,https://boxd.it/4T0OU1
2023-09-24,https://boxd.it/4T2iET
2023-09-24,https://boxd.it/4T9Min
2023-09-25,https://boxd.it/4TpGOf
2023-09-26,https://boxd.it/4TxUKn
2023-09-27,https://boxd.it/4UaGIP
2023-09-27,https://boxd.it/4U0Vq7
2023-09-28,https://boxd.it/4vu96t
2023-09-28,https://boxd.it/4Uddzv
2023-09-28,https://boxd.it/4UjGHP
2023-09-28,https://boxd.it/4UlFMX
2023-09-29,https://boxd.it/4Uvaft
2023-09-29,https://boxd.it/3dr4OJ
2023-09-29,https://boxd.it/4UI4Yj
2023-09-30,https://boxd.it/4UTqAZ
2023-09-30,https://boxd.it/4UV9zT
2023-10-01,https://boxd.it/4VfOrr
2023-10-08,https://boxd.it/4XJtST
2023-10-09,https://boxd.it/4XEVIx
2023-10-09,https://boxd.it/4XzJMd
2023-10-11,https://boxd.it/4YuvYX
2023-10-12,https://boxd.it/4YRFWN
2023-10-18,https://boxd.it/50G8B9
2023-10-19,https://boxd.it/fULrP
2023-10-19,https://boxd.it/1fuJcJ
2023-10-19,https://boxd.it/9Yqjz
2023-10-19,https://boxd.it/iBKF1
2023-10-19,https://boxd.it/eeVsZ
2023-10-19,https://boxd.it/bSSnv
2023-10-19,https://boxd.it/1iManZ
2023-10-19,https://boxd.it/1Kpvzj
2023-10-19,https://boxd.it/1hAPX7
2023-10-21,https://boxd.it/51CyLF
2023-10-22,https://boxd.it/24j5Mp
2023-10-22,https://boxd.it/1Ors3p
2023-10-22,https://boxd.it/1asWQ9
2023-10-22,https://boxd.it/6grqr
2023-10-22,https://boxd.it/isCVR
2023-10-22,https://boxd.it/NRLrb
2023-10-22,https://boxd.it/yWdHT
2023-10-22,https://boxd.it/13Ppyf
2023-10-22,https://boxd.it/qCXiX
2023-10-22,https://boxd.it/tlzSZ
2023-10-22,https://boxd.it/15FkCz
2023-10-22,https://boxd.it/FSB4V
2023-10-22,https://boxd.it/wmnqD
2023-10-22,https://boxd.it/18Gagd
2023-10-22,https://boxd.it/vUjeR
2023-10-22,https://boxd.it/1s0P15
2023-10-22,https://boxd.it/272Dmj
2023-10-28,https://boxd.it/JKgsH
2023-10-28,https://boxd.it/1bqmzh
2023-10-28,https://boxd.it/3kOFm7
2023-10-28,https://boxd.it/wVnUj
2023-11-03,https://boxd.it/56dgCv
2023-11-06,https://boxd.it/57i0af
2023-11-23,https://boxd.it/5cBiUX
2023-11-23,https://boxd.it/4ZK9Hh
2023-11-23,https://boxd.it/1jQjt5
2023-11-24,https://boxd.it/17BFZ5
2023-11-24,https://boxd.it/3ooEvV
2023-12-27,https://boxd.it/5p4U2l
2023-12-29,https://boxd.it/3biDQT
2023-12-29,https://boxd.it/4UCJQD
2023-12-29,https://boxd.it/3loftj
2023-12-29,https://boxd.it/1jWmTd
2023-12-29,https://boxd.it/1CYFZT
2023-12-29,https://boxd.it/17cw4f
2023-12-29,https://boxd.it/1lCcl9
2023-12-29,https://boxd.it/25y3U1
2023-12-29,https://boxd.it/b8nNP
2023-12-29,https://boxd.it/5qzrL3
2024-01-04,https://boxd.it/5cfFO5
2024-01-06,https://boxd.it/1HgIbJ
2024-01-06,https://boxd.it/1Hpazl
2024-01-06,https://boxd.it/1Hduah
2024-01-06,https://boxd.it/491efT
2024-01-06,https://boxd.it/4H9o3P
2024-01-06,https://boxd.it/4HoQQ1
2024-01-06,https://boxd.it/4Glfxr
2024-01-06,https://boxd.it/4Ha7ot
2024-01-06,https://boxd.it/4GPVRt
2024-01-28,https://boxd.it/T2DRn
2024-01-28,https://boxd.it/iRlB1
2024-01-28,https://boxd.it/19zq4x
2024-01-28,https://boxd.it/18Qg8f
2024-01-29,https://boxd.it/kV4XZ
2024-01-29,https://boxd.it/ZcXr
2024-02-03,https://boxd.it/2kQwD5
2024-02-03,https://boxd.it/2kW1oF
2024-02-03,https://boxd.it/2iL73D
2024-02-03,https://boxd.it/2rc3f7
2024-02-03,https://boxd.it/2vQIg7
2024-02-03,https://boxd.it/33IdQD
2024-02-03,https://boxd.it/36rO7X
2024-02-03,https://boxd.it/2llLHN
2024-02-03,https://boxd.it/2miB61
2024-02-03,https://boxd.it/2r4m2F
2024-02-03,https://boxd.it/2luxKr
2024-02-03,https://boxd.it/5Kk4ZV
2024-02-12,https://boxd.it/5OfqV3
2024-02-13,https://boxd.it/N0mj1
2024-02-13,https://boxd.it/11jSt7
2024-02-13,https://boxd.it/SEsuT
2024-02-13,https://boxd.it/e1NsV
2024-02-13,https://boxd.it/1umHWJ
2024-02-13,https://boxd.it/5wepT7
2024-02-13,https://boxd.it/1KePfr
2024-02-13,https://boxd.it/57tKXp
2024-02-13,https://boxd.it/4rWzE7
2024-02-16,https://boxd.it/zpDL1
2024-02-16,https://boxd.it/4j9hPh
2024-02-17,https://boxd.it/mX3jV
2024-02-17,https://boxd.it/1Vn9pV
2024-02-17,https://boxd.it/1iMRyr
2024-02-18,https://boxd.it/5R6eaD
2024-02-18,https://boxd.it/5R9KMF
2024-02-27,https://boxd.it/5VcpvZ
2024-02-27,https://boxd.it/5Vcf5x
2024-03-13,https://boxd.it/1PCwG7
2024-03-13,https://boxd.it/H5du1
2024-03-13,https://boxd.it/qv507
2024-03-13,https://boxd.it/GQxf1
2024-03-13,https://boxd.it/rfZXV
2024-03-13,https://boxd.it/1LD4Yj
2024-03-13,https://boxd.it/14KZ0R
2024-03-13,https://boxd.it/1LUpOt
2024-03-15,https://boxd.it/2LaT8D
2024-03-18,https://boxd.it/64nI6H
2024-03-18,https://boxd.it/64Q0yb
2024-03-19,https://boxd.it/64O9zj
2024-03-20,https://boxd.it/65SYBd
2024-03-28,https://boxd.it/63NMUT
2024-03-28,https://boxd.it/5A5xD5
2024-03-28,https://boxd.it/5jUXEH
2024-03-28,https://boxd.it/4hxtMJ
2024-03-28,https://boxd.it/4Qn5k7
2024-03-28,https://boxd.it/4JUUVr
2024-03-28,https://boxd.it/4Vl77b
2024-03-28,https://boxd.it/5r0M0L
2024-03-28,https://boxd.it/4Zk6Fl
2024-03-29,https://boxd.it/4Tddzr
2024-03-29,https://boxd.it/37u1p
2024-03-29,https://boxd.it/1LjwmH
2024-03-30,https://boxd.it/zadf
2024-03-30,https://boxd.it/6a2peT
2024-03-31,https://boxd.it/131G1d
2024-04-06,https://boxd.it/68Z0fR
2024-04-06,https://boxd.it/6bi57p
2024-04-06,https://boxd.it/6aeIOl
2024-04-13,https://boxd.it/6glV8F
2024-04-15,https://boxd.it/6hm0PD
2024-04-23,https://boxd.it/5kJ47b
2024-05-13,https://boxd.it/1t5aX7
2024-05-13,https://boxd.it/jjsjT
2024-05-13,https://boxd.it/jjlhV
2024-05-13,https://boxd.it/hB71d
2024-05-13,https://boxd.it/jPMx1
2024-05-13,https://boxd.it/1sBwdP
2024-05-13,https://boxd.it/jM8al
2024-05-14,https://boxd.it/LMlsJ
2024-05-14,https://boxd.it/LMuSB
2024-05-17,https://boxd.it/16xHk7
2024-05-17,https://boxd.it/b5o1B
2024-05-17,https://boxd.it/vigZp
2024-05-17,https://boxd.it/ZFivH
2024-05-17,https://boxd.it/z3VjF
2024-05-17,https://boxd.it/1YhloF
2024-05-23,https://boxd.it/1AHvJf
2024-05-23,https://boxd.it/6vaawN
2024-05-24,https://boxd.it/2jrADT
2024-05-24,https://boxd.it/28vb8v
2024-05-24,https://boxd.it/jFkNF
2024-05-24,https://boxd.it/2o7L2p
2024-05-24,https://boxd.it/3WXE0z
2024-05-24,https://boxd.it/1k2hzT
2024-05-24,https://boxd.it/4VSj2X
2024-05-24,https://boxd.it/1k1tq3
2024-05-25,https://boxd.it/krUhr
2024-05-25,https://boxd.it/1PyjcP
2024-05-25,https://boxd.it/1YoNmL
2024-05-26,https://boxd.it/1ABsKH
2024-05-26,https://boxd.it/1gt4mP
2024-05-29,https://boxd.it/69O9AV
2024-05-30,https://boxd.it/6izEW5
2024-05-30,https://boxd.it/6go9Qv
2024-05-30,https://boxd.it/5ghtvv
2024-05-30,https://boxd.it/5hx0C9
2024-05-30,https://boxd.it/5fgKaD
2024-05-30,https://boxd.it/5qvaCF
2024-05-31,https://boxd.it/2Zp3zX
2024-06-03,https://boxd.it/6B3Dh3
2024-06-04,https://boxd.it/5gRRCR
2024-06-05,https://boxd.it/6C34CJ
2024-06-05,https://boxd.it/2DoE51
2024-06-05,https://boxd.it/CopLr
2024-06-05,https://boxd.it/1dN4sV
2024-06-05,https://boxd.it/5ZSTh
2024-06-05,https://boxd.it/NIfA3
2024-06-05,https://boxd.it/aK8Dn
2024-06-05,https://boxd.it/1RKMFX
2024-06-05,https://boxd.it/zN87H
2024-06-06,https://boxd.it/278U0B
2024-06-06,https://boxd.it/23o7Kh
2024-06-06,https://boxd.it/1yK2Tt
2024-06-06,https://boxd.it/1AGXF
2024-06-07,https://boxd.it/62mX9V
2024-06-07,https://boxd.it/4MoxtR
2024-06-07,https://boxd.it/4MoBEp
2024-06-07,https://boxd.it/34BMih
2024-06-07,https://boxd.it/6uVcz5
2024-06-07,https://boxd.it/6xffb9
2024-06-07,https://boxd.it/6tQsAf
2024-06-07,https://boxd.it/6sXIJd
2024-06-07,https://boxd.it/6wztTZ
2024-06-07,https://boxd.it/4MABQp
2024-06-08,https://boxd.it/5KRv9
2024-06-08,https://boxd.it/6wW5YR
2024-06-08,https://boxd.it/4MGjmN
2024-06-08,https://boxd.it/6B8iAD
2024-06-08,https://boxd.it/6zqx6L
2024-06-08,https://boxd.it/6ohnBn
2024-06-08,https://boxd.it/3kqiBZ
2024-06-08,https://boxd.it/2TGnB5
2024-06-08,https://boxd.it/1cw2rj
2024-06-08,https://boxd.it/rW5qR
2024-06-08,https://boxd.it/I6ImN
2024-06-08,https://boxd.it/5P415
2024-06-08,https://boxd.it/6w2Cz9
2024-06-08,https://boxd.it/I8sIH
2024-06-08,https://boxd.it/6xa1tj
2024-06-11,https://boxd.it/263cOD
2024-06-17,https://boxd.it/6p98qx
2024-06-17,https://boxd.it/6o9AFr
2024-06-20,https://boxd.it/6I3rjp
2024-06-25,https://boxd.it/6JQn4n
2024-06-25,https://boxd.it/1v8Tw5
2024-06-25,https://boxd.it/1QwDIh
2024-06-28,https://boxd.it/6LjTRX
2024-07-01,https://boxd.it/N4hsZ
2024-07-01,https://boxd.it/eLbvz
2024-07-01,https://boxd.it/u626n
2024-07-01,https://boxd.it/vbj1N
2024-07-01,https://boxd.it/o1W0B
2024-07-01,https://boxd.it/DNYQv
2024-07-01,https://boxd.it/1pa35B
2024-07-01,https://boxd.it/1uecZ7
2024-07-01,https://boxd.it/zO2Tn
2024-07-01,https://boxd.it/1rPMxF
2024-07-01,https://boxd.it/2I4XmF
2024-07-01,https://boxd.it/2tCxjX
2024-07-01,https://boxd.it/vSwVP
2024-07-02,https://boxd.it/3YIjKz
2024-07-05,https://boxd.it/6O1mQD
2024-07-16,https://boxd.it/6T3uSL
2024-07-16,https://boxd.it/6SUD8J
2024-07-19,https://boxd.it/6UjNKn
2024-07-24,https://boxd.it/64fRkn
2024-07-24,https://boxd.it/63mCLt
2024-07-24,https://boxd.it/60f5gB
2024-07-24,https://boxd.it/5WfJmX
2024-07-24,https://boxd.it/63jJrJ
2024-07-25,https://boxd.it/2aOSDd
2024-07-25,https://boxd.it/2brcyD
2024-07-25,https://boxd.it/2bqQXL
2024-07-26,https://boxd.it/3TEVEr
2024-07-30,https://boxd.it/juwmT
2024-07-30,https://boxd.it/fLF19
2024-07-30,https://boxd.it/QrrRX
2024-07-31,https://boxd.it/6ZRyjz
2024-07-31,https://boxd.it/1AOHe3
2024-07-31,https://boxd.it/3oKr1d
2024-08-01,https://boxd.it/70p6hN
2024-08-02,https://boxd.it/4MyIvz
2024-08-02,https://boxd.it/4MLaSv
2024-08-02,https://boxd.it/4ZQhqb
2024-08-02,https://boxd.it/55g9Cb
2024-08-03,https://boxd.it/5Vn1g9
2024-08-03,https://boxd.it/CafRh
2024-08-03,https://boxd.it/wFjxN
2024-08-03,https://boxd.it/yEu5r
2024-08-03,https://boxd.it/y837B
2024-08-03,https://boxd.it/1iNayZ
2024-08-03,https://boxd.it/IkiAn
2024-08-03,https://boxd.it/DJuYh
2024-08-04,https://boxd.it/6YXdCN
2024-08-05,https://boxd.it/723mBD
2024-08-05,https://boxd.it/72eqvh
2024-08-07,https://boxd.it/72uzC9
2024-08-07,https://boxd.it/72MKtt
2024-08-07,https://boxd.it/72DIgp
2024-08-07,https://boxd.it/6tkFvD
2024-08-07,https://boxd.it/72Nscr
2024-08-09,https://boxd.it/6KSg9D
2024-08-09,https://boxd.it/6KjWnH
2024-08-09,https://boxd.it/6KrLOX
2024-08-09,https://boxd.it/6LvHO7
2024-08-09,https://boxd.it/73DJfL
2024-08-10,https://boxd.it/73GvJj
2024-08-10,https://boxd.it/740BWN
2024-08-11,https://boxd.it/2CC433
2024-08-11,https://boxd.it/4XmD73
2024-08-11,https://boxd.it/26EyRj
2024-08-11,https://boxd.it/43247t
2024-08-14,https://boxd.it/75S4at
2024-08-20,https://boxd.it/78FYj3
2024-08-21,https://boxd.it/798PPd
2024-08-21,https://boxd.it/79dnm3
2024-08-25,https://boxd.it/7aSCmD
2024-08-30,https://boxd.it/75yNyF
2024-08-30,https://boxd.it/75Dwn1
2024-09-03,https://boxd.it/7eINiX
2024-09-04,https://boxd.it/7eZADn
2024-09-04,https://boxd.it/6x2h9
2024-09-04,https://boxd.it/kMwU7
2024-09-04,https://boxd.it/2NKNUL
2024-09-05,https://boxd.it/7fKCgT
2024-09-06,https://boxd.it/7gvP0j
2024-09-08,https://boxd.it/7h5Bmd
2024-09-12,https://boxd.it/sJ061
2024-09-14,https://boxd.it/7jURKZ
2024-09-14,https://boxd.it/5YS2b
2024-09-14,https://boxd.it/7k7xJj
2024-09-16,https://boxd.it/7kOflz
2024-09-16,https://boxd.it/7kPFdX
2024-09-16,https://boxd.it/7kW3HT
2024-09-16,https://boxd.it/i3z1L
2024-09-16,https://boxd.it/hnWh
2024-09-16,https://boxd.it/1k4nHD
2024-09-16,https://boxd.it/mFjpp
2024-09-16,https://boxd.it/RdE1r
2024-09-17,https://boxd.it/2l2gv
2024-09-17,https://boxd.it/96hu1
2024-09-17,https://boxd.it/2QQTr5
2024-09-17,https://boxd.it/LP5QB
2024-09-17,https://boxd.it/7LibN
2024-09-17,https://boxd.it/INwzL
2024-09-17,https://boxd.it/304kbl
2024-09-22,https://boxd.it/7nphx5
2024-09-22,https://boxd.it/7nhB8X
2024-09-24,https://boxd.it/7oyTab
2024-09-27,https://boxd.it/7pNVmd
2024-09-29,https://boxd.it/7qEbkB
2024-10-07,https://boxd.it/2sfSll
2024-10-07,https://boxd.it/ID2il
2024-10-07,https://boxd.it/hq0j3
2024-10-07,https://boxd.it/fSFw1
2024-10-07,https://boxd.it/1bESF5
2024-10-07,https://boxd.it/5viIhP
2024-10-10,https://boxd.it/7w6E73
2024-10-14,https://boxd.it/KbxKR
2024-10-14,https://boxd.it/27KFzx
2024-10-14,https://boxd.it/1qIdR3
2024-10-14,https://boxd.it/2vcl9x
2024-10-14,https://boxd.it/1t97jr
2024-10-14,https://boxd.it/1gCqzz
2024-10-17,https://boxd.it/6vsBlt
2024-10-17,https://boxd.it/7qP3Ev
2024-10-17,https://boxd.it/7n8SYD
2024-10-18,https://boxd.it/7zu4jn
2024-10-18,https://boxd.it/7zOt6X
2024-10-21,https://boxd.it/7AJw2D
2024-10-25,https://boxd.it/7DuOuR
2024-10-31,https://boxd.it/4e9LUL
2024-10-31,https://boxd.it/5FLBYF
2024-10-31,https://boxd.it/6uBV3N
2024-10-31,https://boxd.it/6JWZDn
2024-10-31,https://boxd.it/6Czkh7
2024-10-31,https://boxd.it/6wgaeZ
2024-11-02,https://boxd.it/HmpOL
2024-11-02,https://boxd.it/41iCHJ
2024-11-04,https://boxd.it/7JemAf
2024-11-07,https://boxd.it/7KjjGX
2024-11-07,https://boxd.it/20VfAt
2024-11-10,https://boxd.it/mNhhJ
2024-11-10,https://boxd.it/7vsMf5
2024-11-10,https://boxd.it/7LG22L
2024-11-11,https://boxd.it/7M8t91
2024-11-11,https://boxd.it/1mGpkP
2024-11-18,https://boxd.it/1A5w9h
2024-11-19,https://boxd.it/o1Qvt
2024-11-19,https://boxd.it/R1HQX
2024-11-19,https://boxd.it/1QYUkd
2024-11-20,https://boxd.it/7Kj18X
2024-11-20,https://boxd.it/7PPW5v
2024-11-23,https://boxd.it/7i0TPV
2024-11-23,https://boxd.it/7GiYDH
2024-11-23,https://boxd.it/7w3eMN
2024-11-24,https://boxd.it/7GJodn
2024-11-24,https://boxd.it/7SHCL3
2024-11-24,https://boxd.it/7wld3D
2024-11-24,https://boxd.it/7iB6vh
2024-11-25,https://boxd.it/7TGDJJ
2024-11-25,https://boxd.it/7ToDBJ
2024-11-27,https://boxd.it/7TGeGZ
2024-11-28,https://boxd.it/7UMj3J
2024-11-28,https://boxd.it/7dO3Gx
2024-12-22,https://boxd.it/7Mssi7
2024-12-22,https://boxd.it/7GX2MX
2024-12-22,https://boxd.it/7JNTOp
2024-12-22,https://boxd.it/7HHpLZ
2024-12-22,https://boxd.it/7QXX2x
2024-12-27,https://boxd.it/8aqbm9
2024-12-27,https://boxd.it/8b3lBL
2024-12-27,https://boxd.it/8aStcd
2024-12-30,https://boxd.it/8dCRdz
2024-12-30,https://boxd.it/8dk31R
2025-01-01,https://boxd.it/8fbp81
2025-01-03,https://boxd.it/89f4fp
2025-01-04,https://boxd.it/8hKClv
2025-01-07,https://boxd.it/2MgUl5
2025-01-07,https://boxd.it/2HVD07
2025-01-07,https://boxd.it/2I70UJ
2025-01-07,https://boxd.it/2I6WhD
2025-01-07,https://boxd.it/2JiU9b
2025-01-07,https://boxd.it/2L7UXh
2025-01-14,https://boxd.it/8t0ooh
2025-01-14,https://boxd.it/8s8t4t
2025-01-15,https://boxd.it/8ttVex
2025-01-15,https://boxd.it/8tcHC7
2025-01-17,https://boxd.it/1Kzd0v
2025-01-17,https://boxd.it/hpW1f
2025-01-17,https://boxd.it/5hPlt
2025-01-17,https://boxd.it/MMNaR
2025-01-17,https://boxd.it/8vaqDV
2025-01-17,https://boxd.it/8v3E39
2025-01-18,https://boxd.it/8vK7KF
2025-01-18,https://boxd.it/8vrDJB
2025-01-18,https://boxd.it/8vom2f
2025-01-18,https://boxd.it/8vlQef
2025-01-18,https://boxd.it/8v9rLp
2025-01-18,https://boxd.it/1tHIUH
2025-01-18,https://boxd.it/7R4zwd
2025-01-18,https://boxd.it/7ShJbf
2025-01-18,https://boxd.it/8vPKnv
2025-01-18,https://boxd.it/8vOE6V
2025-01-18,https://boxd.it/2dvkq9
2025-01-18,https://boxd.it/8v6Y69
2025-01-18,https://boxd.it/8vhvXZ
2025-01-18,https://boxd.it/2K9W15
2025-01-19,https://boxd.it/8wiAtL
2025-01-20,https://boxd.it/2JjFDH
2025-01-20,https://boxd.it/8xIOPd
2025-01-20,https://boxd.it/8xIpuT
2025-01-23,https://boxd.it/8A1PVx
2025-01-23,https://boxd.it/1LFKeB
2025-01-25,https://boxd.it/8Be4Fd
2025-01-25,https://boxd.it/864m0N
2025-01-25,https://boxd.it/84LGFJ
2025-01-30,https://boxd.it/8Fj7wT
2025-01-31,https://boxd.it/8tBOxt
2025-02-03,https://boxd.it/gtnzZ
2025-02-23,https://boxd.it/Ze5RL
2025-02-23,https://boxd.it/1p5WtD
2025-02-23,https://boxd.it/kXQUj
2025-02-23,https://boxd.it/ftWiv
2025-03-25,https://boxd.it/9dtApt
2025-04-03,https://boxd.it/9iW4aT
2025-04-13,https://boxd.it/9nZnYT
2025-04-15,https://boxd.it/9pQj9d
2025-04-16,https://boxd.it/9q4NLp
2025-04-17,https://boxd.it/9qmeBb
2025-04-22,https://boxd.it/9tKyYT
2025-04-22,https://boxd.it/9txf0z
2025-05-09,https://boxd.it/9AayEF
2025-05-11,https://boxd.it/9AedHV
2025-05-13,https://boxd.it/9GcZod
2025-06-03,https://boxd.it/9T3DT3
2025-06-03,https://boxd.it/9T1xGt
2025-06-08,https://boxd.it/yS7fh
2025-06-08,https://boxd.it/8P5J3n
2025-07-20,https://boxd.it/aomqAJ
2025-07-25,https://boxd.it/aqf5GP
2025-07-27,https://boxd.it/1k4KXT
2025-07-27,https://boxd.it/MSxgB
2025-07-29,https://boxd.it/8XP5dh
2025-07-29,https://boxd.it/7NY6Db
2025-07-29,https://boxd.it/6nAXpL
2025-07-29,https://boxd.it/awk5Uh
2025-07-29,https://boxd.it/Rkuih
2025-08-02,https://boxd.it/5WHDpd
2025-08-02,https://boxd.it/4rlZ3R
2025-08-02,https://boxd.it/4imgaz
2025-08-02,https://boxd.it/49HH5d
2025-08-02,https://boxd.it/4fbMvv
2025-08-02,https://boxd.it/4fA9xx
2025-08-02,https://boxd.it/4iPiKx
2025-08-02,https://boxd.it/5LbZ3b
2025-08-02,https://boxd.it/4eMjrf
2025-08-04,https://boxd.it/ay0RBZ
2025-08-06,https://boxd.it/aBMhuL
2025-08-06,https://boxd.it/5uU8on
2025-08-06,https://boxd.it/3FSE7R
2025-08-13,https://boxd.it/aHyrcN
2025-08-16,https://boxd.it/aJI7u1
2025-08-16,https://boxd.it/gLrHf
2025-08-16,https://boxd.it/UXuVj
2025-08-19,https://boxd.it/aLAS1x
2025-08-19,https://boxd.it/aHHdMF
2025-08-19,https://boxd.it/aEzmz3
2025-08-21,https://boxd.it/iD4x9
2025-08-21,https://boxd.it/9UnZgB
2025-08-21,https://boxd.it/9WURpf
2025-08-21,https://boxd.it/xHF7v
2025-08-21,https://boxd.it/O7G57
2025-08-23,https://boxd.it/3794gR
2025-08-23,https://boxd.it/aNg3rR
2025-08-24,https://boxd.it/jxFpj
2025-08-24,https://boxd.it/4KIAUX
2025-08-24,https://boxd.it/55olVb
2025-08-24,https://boxd.it/h8Oqn
2025-08-24,https://boxd.it/aPSJTH
2025-08-24,https://boxd.it/11ByvD
2025-08-24,https://boxd.it/aQ2f4f
2025-08-24,https://boxd.it/77cNV9
2025-08-25,https://boxd.it/aQChVH
2025-08-27,https://boxd.it/2ja78D
2025-08-27,https://boxd.it/1RJL5d
2025-08-27,https://boxd.it/aSeCrX
2025-08-30,https://boxd.it/aTI3qf
